i,s,t,capacity
Machine 1,0,2025,8520.0
Machine 1,0,2026,8520.0
Machine 1,0,2027,8520.0
Machine 1,0,2028,8520.0
Machine 1,0,2029,8520.0
Machine 1,0,2030,8520.0
Machine 1,0,2031,8520.0
Machine 1,0,2032,8520.0
Machine 2,0,2025,8520.0
Machine 2,0,2026,8520.0
Machine 2,0,2027,8483.0
Machine 2,0,2028,8507.0
Machine 2,0,2029,8483.0
Machine 2,0,2030,8483.0
Machine 2,0,2031,8483.0
Machine 2,0,2032,8507.0
Machine 3,0,2025,8520.0
Machine 3,0,2026,8520.0
Machine 3,0,2027,8483.0
Machine 3,0,2028,8507.0
Machine 3,0,2029,6509.0
Machine 3,0,2030,6509.0
Machine 3,0,2031,6509.0
Machine 3,0,2032,6509.0
Machine 4,0,2025,4852.0
Machine 4,0,2026,3952.0
Machine 4,0,2027,3912.0
Machine 4,0,2028,3936.0
Machine 4,0,2029,3936.0
Machine 4,0,2030,3936.0
Machine 4,0,2031,3936.0
Machine 4,0,2032,3936.0
Machine 5,0,2025,5131.0
Machine 5,0,2026,4604.0
Machine 5,0,2027,4032.0
Machine 5,0,2028,4032.0
Machine 5,0,2029,4032.0
Machine 5,0,2030,4032.0
Machine 5,0,2031,4032.0
Machine 5,0,2032,4032.0
Machine 1,1,2025,8520.0
Machine 1,1,2026,8520.0
Machine 1,1,2027,8520.0
Machine 1,1,2028,8520.0
Machine 1,1,2029,8520.0
Machine 1,1,2030,8520.0
Machine 1,1,2031,8520.0
Machine 1,1,2032,8520.0
Machine 2,1,2025,8520.0
Machine 2,1,2026,8520.0
Machine 2,1,2027,8483.0
Machine 2,1,2028,8507.0
Machine 2,1,2029,8483.0
Machine 2,1,2030,8483.0
Machine 2,1,2031,8483.0
Machine 2,1,2032,8507.0
Machine 3,1,2025,8520.0
Machine 3,1,2026,8520.0
Machine 3,1,2027,8483.0
Machine 3,1,2028,8507.0
Machine 3,1,2029,6509.0
Machine 3,1,2030,6509.0
Machine 3,1,2031,6509.0
Machine 3,1,2032,6509.0
Machine 4,1,2025,4852.0
Machine 4,1,2026,3952.0
Machine 4,1,2027,3912.0
Machine 4,1,2028,3936.0
Machine 4,1,2029,3936.0
Machine 4,1,2030,3936.0
Machine 4,1,2031,3936.0
Machine 4,1,2032,3936.0
Machine 5,1,2025,5131.0
Machine 5,1,2026,4604.0
Machine 5,1,2027,4032.0
Machine 5,1,2028,4032.0
Machine 5,1,2029,4032.0
Machine 5,1,2030,4032.0
Machine 5,1,2031,4032.0
Machine 5,1,2032,4032.0
Machine 1,2,2025,8520.0
Machine 1,2,2026,8520.0
Machine 1,2,2027,8520.0
Machine 1,2,2028,8520.0
Machine 1,2,2029,8520.0
Machine 1,2,2030,8520.0
Machine 1,2,2031,8520.0
Machine 1,2,2032,8520.0
Machine 2,2,2025,8520.0
Machine 2,2,2026,8520.0
Machine 2,2,2027,8483.0
Machine 2,2,2028,8507.0
Machine 2,2,2029,8483.0
Machine 2,2,2030,8483.0
Machine 2,2,2031,8483.0
Machine 2,2,2032,8507.0
Machine 3,2,2025,8520.0
Machine 3,2,2026,8520.0
Machine 3,2,2027,8483.0
Machine 3,2,2028,8507.0
Machine 3,2,2029,6509.0
Machine 3,2,2030,6509.0
Machine 3,2,2031,6509.0
Machine 3,2,2032,6509.0
Machine 4,2,2025,4852.0
Machine 4,2,2026,3952.0
Machine 4,2,2027,3912.0
Machine 4,2,2028,3936.0
Machine 4,2,2029,3936.0
Machine 4,2,2030,3936.0
Machine 4,2,2031,3936.0
Machine 4,2,2032,3936.0
Machine 5,2,2025,5131.0
Machine 5,2,2026,4604.0
Machine 5,2,2027,4032.0
Machine 5,2,2028,4032.0
Machine 5,2,2029,4032.0
Machine 5,2,2030,4032.0
Machine 5,2,2031,4032.0
Machine 5,2,2032,4032.0
Machine 1,3,2025,8520.0
Machine 1,3,2026,8520.0
Machine 1,3,2027,8520.0
Machine 1,3,2028,8520.0
Machine 1,3,2029,8520.0
Machine 1,3,2030,8520.0
Machine 1,3,2031,8520.0
Machine 1,3,2032,8520.0
Machine 2,3,2025,8520.0
Machine 2,3,2026,8520.0
Machine 2,3,2027,8483.0
Machine 2,3,2028,8507.0
Machine 2,3,2029,8483.0
Machine 2,3,2030,8483.0
Machine 2,3,2031,8483.0
Machine 2,3,2032,8507.0
Machine 3,3,2025,8520.0
Machine 3,3,2026,8520.0
Machine 3,3,2027,8483.0
Machine 3,3,2028,8507.0
Machine 3,3,2029,6509.0
Machine 3,3,2030,6509.0
Machine 3,3,2031,6509.0
Machine 3,3,2032,6509.0
Machine 4,3,2025,4852.0
Machine 4,3,2026,3952.0
Machine 4,3,2027,3912.0
Machine 4,3,2028,3936.0
Machine 4,3,2029,3936.0
Machine 4,3,2030,3936.0
Machine 4,3,2031,3936.0
Machine 4,3,2032,3936.0
Machine 5,3,2025,5131.0
Machine 5,3,2026,4604.0
Machine 5,3,2027,4032.0
Machine 5,3,2028,4032.0
Machine 5,3,2029,4032.0
Machine 5,3,2030,4032.0
Machine 5,3,2031,4032.0
Machine 5,3,2032,4032.0
Machine 1,4,2025,8520.0
Machine 1,4,2026,8520.0
Machine 1,4,2027,8520.0
Machine 1,4,2028,8520.0
Machine 1,4,2029,8520.0
Machine 1,4,2030,8520.0
Machine 1,4,2031,8520.0
Machine 1,4,2032,8520.0
Machine 2,4,2025,8520.0
Machine 2,4,2026,8520.0
Machine 2,4,2027,8483.0
Machine 2,4,2028,8507.0
Machine 2,4,2029,8483.0
Machine 2,4,2030,8483.0
Machine 2,4,2031,8483.0
Machine 2,4,2032,8507.0
Machine 3,4,2025,8520.0
Machine 3,4,2026,8520.0
Machine 3,4,2027,8483.0
Machine 3,4,2028,8507.0
Machine 3,4,2029,6509.0
Machine 3,4,2030,6509.0
Machine 3,4,2031,6509.0
Machine 3,4,2032,6509.0
Machine 4,4,2025,4852.0
Machine 4,4,2026,3952.0
Machine 4,4,2027,3912.0
Machine 4,4,2028,3936.0
Machine 4,4,2029,3936.0
Machine 4,4,2030,3936.0
Machine 4,4,2031,3936.0
Machine 4,4,2032,3936.0
Machine 5,4,2025,5131.0
Machine 5,4,2026,4604.0
Machine 5,4,2027,4032.0
Machine 5,4,2028,4032.0
Machine 5,4,2029,4032.0
Machine 5,4,2030,4032.0
Machine 5,4,2031,4032.0
Machine 5,4,2032,4032.0
Machine 1,5,2025,8520.0
Machine 1,5,2026,8520.0
Machine 1,5,2027,8520.0
Machine 1,5,2028,8520.0
Machine 1,5,2029,8520.0
Machine 1,5,2030,8520.0
Machine 1,5,2031,8520.0
Machine 1,5,2032,8520.0
Machine 2,5,2025,8520.0
Machine 2,5,2026,8520.0
Machine 2,5,2027,8483.0
Machine 2,5,2028,8507.0
Machine 2,5,2029,8483.0
Machine 2,5,2030,8483.0
Machine 2,5,2031,8483.0
Machine 2,5,2032,8507.0
Machine 3,5,2025,8520.0
Machine 3,5,2026,8520.0
Machine 3,5,2027,8483.0
Machine 3,5,2028,8507.0
Machine 3,5,2029,6509.0
Machine 3,5,2030,6509.0
Machine 3,5,2031,6509.0
Machine 3,5,2032,6509.0
Machine 4,5,2025,4852.0
Machine 4,5,2026,3952.0
Machine 4,5,2027,3912.0
Machine 4,5,2028,3936.0
Machine 4,5,2029,3936.0
Machine 4,5,2030,3936.0
Machine 4,5,2031,3936.0
Machine 4,5,2032,3936.0
Machine 5,5,2025,5131.0
Machine 5,5,2026,4604.0
Machine 5,5,2027,4032.0
Machine 5,5,2028,4032.0
Machine 5,5,2029,4032.0
Machine 5,5,2030,4032.0
Machine 5,5,2031,4032.0
Machine 5,5,2032,4032.0
Machine 1,6,2025,8520.0
Machine 1,6,2026,8520.0
Machine 1,6,2027,8520.0
Machine 1,6,2028,8520.0
Machine 1,6,2029,8520.0
Machine 1,6,2030,8520.0
Machine 1,6,2031,8520.0
Machine 1,6,2032,8520.0
Machine 2,6,2025,8520.0
Machine 2,6,2026,8520.0
Machine 2,6,2027,8483.0
Machine 2,6,2028,8507.0
Machine 2,6,2029,8483.0
Machine 2,6,2030,8483.0
Machine 2,6,2031,8483.0
Machine 2,6,2032,8507.0
Machine 3,6,2025,8520.0
Machine 3,6,2026,8520.0
Machine 3,6,2027,8483.0
Machine 3,6,2028,8507.0
Machine 3,6,2029,6509.0
Machine 3,6,2030,6509.0
Machine 3,6,2031,6509.0
Machine 3,6,2032,6509.0
Machine 4,6,2025,4852.0
Machine 4,6,2026,3952.0
Machine 4,6,2027,3912.0
Machine 4,6,2028,3936.0
Machine 4,6,2029,3936.0
Machine 4,6,2030,3936.0
Machine 4,6,2031,3936.0
Machine 4,6,2032,3936.0
Machine 5,6,2025,5131.0
Machine 5,6,2026,4604.0
Machine 5,6,2027,4032.0
Machine 5,6,2028,4032.0
Machine 5,6,2029,4032.0
Machine 5,6,2030,4032.0
Machine 5,6,2031,4032.0
Machine 5,6,2032,4032.0
Machine 1,7,2025,8520.0
Machine 1,7,2026,8520.0
Machine 1,7,2027,8520.0
Machine 1,7,2028,8520.0
Machine 1,7,2029,8520.0
Machine 1,7,2030,8520.0
Machine 1,7,2031,8520.0
Machine 1,7,2032,8520.0
Machine 2,7,2025,8520.0
Machine 2,7,2026,8520.0
Machine 2,7,2027,8483.0
Machine 2,7,2028,8507.0
Machine 2,7,2029,8483.0
Machine 2,7,2030,8483.0
Machine 2,7,2031,8483.0
Machine 2,7,2032,8507.0
Machine 3,7,2025,8520.0
Machine 3,7,2026,8520.0
Machine 3,7,2027,8483.0
Machine 3,7,2028,8507.0
Machine 3,7,2029,6509.0
Machine 3,7,2030,6509.0
Machine 3,7,2031,6509.0
Machine 3,7,2032,6509.0
Machine 4,7,2025,4852.0
Machine 4,7,2026,3952.0
Machine 4,7,2027,3912.0
Machine 4,7,2028,3936.0
Machine 4,7,2029,3936.0
Machine 4,7,2030,3936.0
Machine 4,7,2031,3936.0
Machine 4,7,2032,3936.0
Machine 5,7,2025,5131.0
Machine 5,7,2026,4604.0
Machine 5,7,2027,4032.0
Machine 5,7,2028,4032.0
Machine 5,7,2029,4032.0
Machine 5,7,2030,4032.0
Machine 5,7,2031,4032.0
Machine 5,7,2032,4032.0
Machine 1,8,2025,8520.0
Machine 1,8,2026,8520.0
Machine 1,8,2027,8520.0
Machine 1,8,2028,8520.0
Machine 1,8,2029,8520.0
Machine 1,8,2030,8520.0
Machine 1,8,2031,8520.0
Machine 1,8,2032,8520.0
Machine 2,8,2025,8520.0
Machine 2,8,2026,8520.0
Machine 2,8,2027,8483.0
Machine 2,8,2028,8507.0
Machine 2,8,2029,8483.0
Machine 2,8,2030,8483.0
Machine 2,8,2031,8483.0
Machine 2,8,2032,8507.0
Machine 3,8,2025,8520.0
Machine 3,8,2026,8520.0
Machine 3,8,2027,8483.0
Machine 3,8,2028,8507.0
Machine 3,8,2029,6509.0
Machine 3,8,2030,6509.0
Machine 3,8,2031,6509.0
Machine 3,8,2032,6509.0
Machine 4,8,2025,4852.0
Machine 4,8,2026,3952.0
Machine 4,8,2027,3912.0
Machine 4,8,2028,3936.0
Machine 4,8,2029,3936.0
Machine 4,8,2030,3936.0
Machine 4,8,2031,3936.0
Machine 4,8,2032,3936.0
Machine 5,8,2025,5131.0
Machine 5,8,2026,4604.0
Machine 5,8,2027,4032.0
Machine 5,8,2028,4032.0
Machine 5,8,2029,4032.0
Machine 5,8,2030,4032.0
Machine 5,8,2031,4032.0
Machine 5,8,2032,4032.0
Machine 1,9,2025,8520.0
Machine 1,9,2026,8520.0
Machine 1,9,2027,8520.0
Machine 1,9,2028,8520.0
Machine 1,9,2029,8520.0
Machine 1,9,2030,8520.0
Machine 1,9,2031,8520.0
Machine 1,9,2032,8520.0
Machine 2,9,2025,8520.0
Machine 2,9,2026,8520.0
Machine 2,9,2027,8483.0
Machine 2,9,2028,8507.0
Machine 2,9,2029,8483.0
Machine 2,9,2030,8483.0
Machine 2,9,2031,8483.0
Machine 2,9,2032,8507.0
Machine 3,9,2025,8520.0
Machine 3,9,2026,8520.0
Machine 3,9,2027,8483.0
Machine 3,9,2028,8507.0
Machine 3,9,2029,6509.0
Machine 3,9,2030,6509.0
Machine 3,9,2031,6509.0
Machine 3,9,2032,6509.0
Machine 4,9,2025,4852.0
Machine 4,9,2026,3952.0
Machine 4,9,2027,3912.0
Machine 4,9,2028,3936.0
Machine 4,9,2029,3936.0
Machine 4,9,2030,3936.0
Machine 4,9,2031,3936.0
Machine 4,9,2032,3936.0
Machine 5,9,2025,5131.0
Machine 5,9,2026,4604.0
Machine 5,9,2027,4032.0
Machine 5,9,2028,4032.0
Machine 5,9,2029,4032.0
Machine 5,9,2030,4032.0
Machine 5,9,2031,4032.0
Machine 5,9,2032,4032.0
Machine 1,10,2025,8520.0
Machine 1,10,2026,8520.0
Machine 1,10,2027,8520.0
Machine 1,10,2028,8520.0
Machine 1,10,2029,8520.0
Machine 1,10,2030,8520.0
Machine 1,10,2031,8520.0
Machine 1,10,2032,8520.0
Machine 2,10,2025,8520.0
Machine 2,10,2026,8520.0
Machine 2,10,2027,8483.0
Machine 2,10,2028,8507.0
Machine 2,10,2029,8483.0
Machine 2,10,2030,8483.0
Machine 2,10,2031,8483.0
Machine 2,10,2032,8507.0
Machine 3,10,2025,8520.0
Machine 3,10,2026,8520.0
Machine 3,10,2027,8483.0
Machine 3,10,2028,8507.0
Machine 3,10,2029,6509.0
Machine 3,10,2030,6509.0
Machine 3,10,2031,6509.0
Machine 3,10,2032,6509.0
Machine 4,10,2025,4852.0
Machine 4,10,2026,3952.0
Machine 4,10,2027,3912.0
Machine 4,10,2028,3936.0
Machine 4,10,2029,3936.0
Machine 4,10,2030,3936.0
Machine 4,10,2031,3936.0
Machine 4,10,2032,3936.0
Machine 5,10,2025,5131.0
Machine 5,10,2026,4604.0
Machine 5,10,2027,4032.0
Machine 5,10,2028,4032.0
Machine 5,10,2029,4032.0
Machine 5,10,2030,4032.0
Machine 5,10,2031,4032.0
Machine 5,10,2032,4032.0
Machine 1,11,2025,8520.0
Machine 1,11,2026,8520.0
Machine 1,11,2027,8520.0
Machine 1,11,2028,8520.0
Machine 1,11,2029,8520.0
Machine 1,11,2030,8520.0
Machine 1,11,2031,8520.0
Machine 1,11,2032,8520.0
Machine 2,11,2025,8520.0
Machine 2,11,2026,8520.0
Machine 2,11,2027,8483.0
Machine 2,11,2028,8507.0
Machine 2,11,2029,8483.0
Machine 2,11,2030,8483.0
Machine 2,11,2031,8483.0
Machine 2,11,2032,8507.0
Machine 3,11,2025,8520.0
Machine 3,11,2026,8520.0
Machine 3,11,2027,8483.0
Machine 3,11,2028,8507.0
Machine 3,11,2029,6509.0
Machine 3,11,2030,6509.0
Machine 3,11,2031,6509.0
Machine 3,11,2032,6509.0
Machine 4,11,2025,4852.0
Machine 4,11,2026,3952.0
Machine 4,11,2027,3912.0
Machine 4,11,2028,3936.0
Machine 4,11,2029,3936.0
Machine 4,11,2030,3936.0
Machine 4,11,2031,3936.0
Machine 4,11,2032,3936.0
Machine 5,11,2025,5131.0
Machine 5,11,2026,4604.0
Machine 5,11,2027,4032.0
Machine 5,11,2028,4032.0
Machine 5,11,2029,4032.0
Machine 5,11,2030,4032.0
Machine 5,11,2031,4032.0
Machine 5,11,2032,4032.0
Machine 1,12,2025,8520.0
Machine 1,12,2026,8520.0
Machine 1,12,2027,8520.0
Machine 1,12,2028,8520.0
Machine 1,12,2029,8520.0
Machine 1,12,2030,8520.0
Machine 1,12,2031,8520.0
Machine 1,12,2032,8520.0
Machine 2,12,2025,8520.0
Machine 2,12,2026,8520.0
Machine 2,12,2027,8483.0
Machine 2,12,2028,8507.0
Machine 2,12,2029,8483.0
Machine 2,12,2030,8483.0
Machine 2,12,2031,8483.0
Machine 2,12,2032,8507.0
Machine 3,12,2025,8520.0
Machine 3,12,2026,8520.0
Machine 3,12,2027,8483.0
Machine 3,12,2028,8507.0
Machine 3,12,2029,6509.0
Machine 3,12,2030,6509.0
Machine 3,12,2031,6509.0
Machine 3,12,2032,6509.0
Machine 4,12,2025,4852.0
Machine 4,12,2026,3952.0
Machine 4,12,2027,3912.0
Machine 4,12,2028,3936.0
Machine 4,12,2029,3936.0
Machine 4,12,2030,3936.0
Machine 4,12,2031,3936.0
Machine 4,12,2032,3936.0
Machine 5,12,2025,5131.0
Machine 5,12,2026,4604.0
Machine 5,12,2027,4032.0
Machine 5,12,2028,4032.0
Machine 5,12,2029,4032.0
Machine 5,12,2030,4032.0
Machine 5,12,2031,4032.0
Machine 5,12,2032,4032.0
Machine 1,13,2025,8520.0
Machine 1,13,2026,8520.0
Machine 1,13,2027,8520.0
Machine 1,13,2028,8520.0
Machine 1,13,2029,8520.0
Machine 1,13,2030,8520.0
Machine 1,13,2031,8520.0
Machine 1,13,2032,8520.0
Machine 2,13,2025,8520.0
Machine 2,13,2026,8520.0
Machine 2,13,2027,8483.0
Machine 2,13,2028,8507.0
Machine 2,13,2029,8483.0
Machine 2,13,2030,8483.0
Machine 2,13,2031,8483.0
Machine 2,13,2032,8507.0
Machine 3,13,2025,8520.0
Machine 3,13,2026,8520.0
Machine 3,13,2027,8483.0
Machine 3,13,2028,8507.0
Machine 3,13,2029,6509.0
Machine 3,13,2030,6509.0
Machine 3,13,2031,6509.0
Machine 3,13,2032,6509.0
Machine 4,13,2025,4852.0
Machine 4,13,2026,3952.0
Machine 4,13,2027,3912.0
Machine 4,13,2028,3936.0
Machine 4,13,2029,3936.0
Machine 4,13,2030,3936.0
Machine 4,13,2031,3936.0
Machine 4,13,2032,3936.0
Machine 5,13,2025,5131.0
Machine 5,13,2026,4604.0
Machine 5,13,2027,4032.0
Machine 5,13,2028,4032.0
Machine 5,13,2029,4032.0
Machine 5,13,2030,4032.0
Machine 5,13,2031,4032.0
Machine 5,13,2032,4032.0
Machine 1,14,2025,8520.0
Machine 1,14,2026,8520.0
Machine 1,14,2027,8520.0
Machine 1,14,2028,8520.0
Machine 1,14,2029,8520.0
Machine 1,14,2030,8520.0
Machine 1,14,2031,8520.0
Machine 1,14,2032,8520.0
Machine 2,14,2025,8520.0
Machine 2,14,2026,8520.0
Machine 2,14,2027,8483.0
Machine 2,14,2028,8507.0
Machine 2,14,2029,8483.0
Machine 2,14,2030,8483.0
Machine 2,14,2031,8483.0
Machine 2,14,2032,8507.0
Machine 3,14,2025,8520.0
Machine 3,14,2026,8520.0
Machine 3,14,2027,8483.0
Machine 3,14,2028,8507.0
Machine 3,14,2029,6509.0
Machine 3,14,2030,6509.0
Machine 3,14,2031,6509.0
Machine 3,14,2032,6509.0
Machine 4,14,2025,4852.0
Machine 4,14,2026,3952.0
Machine 4,14,2027,3912.0
Machine 4,14,2028,3936.0
Machine 4,14,2029,3936.0
Machine 4,14,2030,3936.0
Machine 4,14,2031,3936.0
Machine 4,14,2032,3936.0
Machine 5,14,2025,5131.0
Machine 5,14,2026,4604.0
Machine 5,14,2027,4032.0
Machine 5,14,2028,4032.0
Machine 5,14,2029,4032.0
Machine 5,14,2030,4032.0
Machine 5,14,2031,4032.0
Machine 5,14,2032,4032.0
Machine 1,15,2025,8520.0
Machine 1,15,2026,8520.0
Machine 1,15,2027,8520.0
Machine 1,15,2028,8520.0
Machine 1,15,2029,8520.0
Machine 1,15,2030,8520.0
Machine 1,15,2031,8520.0
Machine 1,15,2032,8520.0
Machine 2,15,2025,8520.0
Machine 2,15,2026,8520.0
Machine 2,15,2027,8483.0
Machine 2,15,2028,8507.0
Machine 2,15,2029,8483.0
Machine 2,15,2030,8483.0
Machine 2,15,2031,8483.0
Machine 2,15,2032,8507.0
Machine 3,15,2025,8520.0
Machine 3,15,2026,8520.0
Machine 3,15,2027,8483.0
Machine 3,15,2028,8507.0
Machine 3,15,2029,6509.0
Machine 3,15,2030,6509.0
Machine 3,15,2031,6509.0
Machine 3,15,2032,6509.0
Machine 4,15,2025,4852.0
Machine 4,15,2026,3952.0
Machine 4,15,2027,3912.0
Machine 4,15,2028,3936.0
Machine 4,15,2029,3936.0
Machine 4,15,2030,3936.0
Machine 4,15,2031,3936.0
Machine 4,15,2032,3936.0
Machine 5,15,2025,5131.0
Machine 5,15,2026,4604.0
Machine 5,15,2027,4032.0
Machine 5,15,2028,4032.0
Machine 5,15,2029,4032.0
Machine 5,15,2030,4032.0
Machine 5,15,2031,4032.0
Machine 5,15,2032,4032.0
Machine 1,16,2025,8520.0
Machine 1,16,2026,8520.0
Machine 1,16,2027,8520.0
Machine 1,16,2028,8520.0
Machine 1,16,2029,8520.0
Machine 1,16,2030,8520.0
Machine 1,16,2031,8520.0
Machine 1,16,2032,8520.0
Machine 2,16,2025,8520.0
Machine 2,16,2026,8520.0
Machine 2,16,2027,8483.0
Machine 2,16,2028,8507.0
Machine 2,16,2029,8483.0
Machine 2,16,2030,8483.0
Machine 2,16,2031,8483.0
Machine 2,16,2032,8507.0
Machine 3,16,2025,8520.0
Machine 3,16,2026,8520.0
Machine 3,16,2027,8483.0
Machine 3,16,2028,8507.0
Machine 3,16,2029,6509.0
Machine 3,16,2030,6509.0
Machine 3,16,2031,6509.0
Machine 3,16,2032,6509.0
Machine 4,16,2025,4852.0
Machine 4,16,2026,3952.0
Machine 4,16,2027,3912.0
Machine 4,16,2028,3936.0
Machine 4,16,2029,3936.0
Machine 4,16,2030,3936.0
Machine 4,16,2031,3936.0
Machine 4,16,2032,3936.0
Machine 5,16,2025,5131.0
Machine 5,16,2026,4604.0
Machine 5,16,2027,4032.0
Machine 5,16,2028,4032.0
Machine 5,16,2029,4032.0
Machine 5,16,2030,4032.0
Machine 5,16,2031,4032.0
Machine 5,16,2032,4032.0
Machine 1,17,2025,8520.0
Machine 1,17,2026,8520.0
Machine 1,17,2027,8520.0
Machine 1,17,2028,8520.0
Machine 1,17,2029,8520.0
Machine 1,17,2030,8520.0
Machine 1,17,2031,8520.0
Machine 1,17,2032,8520.0
Machine 2,17,2025,8520.0
Machine 2,17,2026,8520.0
Machine 2,17,2027,8483.0
Machine 2,17,2028,8507.0
Machine 2,17,2029,8483.0
Machine 2,17,2030,8483.0
Machine 2,17,2031,8483.0
Machine 2,17,2032,8507.0
Machine 3,17,2025,8520.0
Machine 3,17,2026,8520.0
Machine 3,17,2027,8483.0
Machine 3,17,2028,8507.0
Machine 3,17,2029,6509.0
Machine 3,17,2030,6509.0
Machine 3,17,2031,6509.0
Machine 3,17,2032,6509.0
Machine 4,17,2025,4852.0
Machine 4,17,2026,3952.0
Machine 4,17,2027,3912.0
Machine 4,17,2028,3936.0
Machine 4,17,2029,3936.0
Machine 4,17,2030,3936.0
Machine 4,17,2031,3936.0
Machine 4,17,2032,3936.0
Machine 5,17,2025,5131.0
Machine 5,17,2026,4604.0
Machine 5,17,2027,4032.0
Machine 5,17,2028,4032.0
Machine 5,17,2029,4032.0
Machine 5,17,2030,4032.0
Machine 5,17,2031,4032.0
Machine 5,17,2032,4032.0
Machine 1,18,2025,8520.0
Machine 1,18,2026,8520.0
Machine 1,18,2027,8520.0
Machine 1,18,2028,8520.0
Machine 1,18,2029,8520.0
Machine 1,18,2030,8520.0
Machine 1,18,2031,8520.0
Machine 1,18,2032,8520.0
Machine 2,18,2025,8520.0
Machine 2,18,2026,8520.0
Machine 2,18,2027,8483.0
Machine 2,18,2028,8507.0
Machine 2,18,2029,8483.0
Machine 2,18,2030,8483.0
Machine 2,18,2031,8483.0
Machine 2,18,2032,8507.0
Machine 3,18,2025,8520.0
Machine 3,18,2026,8520.0
Machine 3,18,2027,8483.0
Machine 3,18,2028,8507.0
Machine 3,18,2029,6509.0
Machine 3,18,2030,6509.0
Machine 3,18,2031,6509.0
Machine 3,18,2032,6509.0
Machine 4,18,2025,4852.0
Machine 4,18,2026,3952.0
Machine 4,18,2027,3912.0
Machine 4,18,2028,3936.0
Machine 4,18,2029,3936.0
Machine 4,18,2030,3936.0
Machine 4,18,2031,3936.0
Machine 4,18,2032,3936.0
Machine 5,18,2025,5131.0
Machine 5,18,2026,4604.0
Machine 5,18,2027,4032.0
Machine 5,18,2028,4032.0
Machine 5,18,2029,4032.0
Machine 5,18,2030,4032.0
Machine 5,18,2031,4032.0
Machine 5,18,2032,4032.0
Machine 1,19,2025,8520.0
Machine 1,19,2026,8520.0
Machine 1,19,2027,8520.0
Machine 1,19,2028,8520.0
Machine 1,19,2029,8520.0
Machine 1,19,2030,8520.0
Machine 1,19,2031,8520.0
Machine 1,19,2032,8520.0
Machine 2,19,2025,8520.0
Machine 2,19,2026,8520.0
Machine 2,19,2027,8483.0
Machine 2,19,2028,8507.0
Machine 2,19,2029,8483.0
Machine 2,19,2030,8483.0
Machine 2,19,2031,8483.0
Machine 2,19,2032,8507.0
Machine 3,19,2025,8520.0
Machine 3,19,2026,8520.0
Machine 3,19,2027,8483.0
Machine 3,19,2028,8507.0
Machine 3,19,2029,6509.0
Machine 3,19,2030,6509.0
Machine 3,19,2031,6509.0
Machine 3,19,2032,6509.0
Machine 4,19,2025,4852.0
Machine 4,19,2026,3952.0
Machine 4,19,2027,3912.0
Machine 4,19,2028,3936.0
Machine 4,19,2029,3936.0
Machine 4,19,2030,3936.0
Machine 4,19,2031,3936.0
Machine 4,19,2032,3936.0
Machine 5,19,2025,5131.0
Machine 5,19,2026,4604.0
Machine 5,19,2027,4032.0
Machine 5,19,2028,4032.0
Machine 5,19,2029,4032.0
Machine 5,19,2030,4032.0
Machine 5,19,2031,4032.0
Machine 5,19,2032,4032.0
Machine 1,20,2025,8520.0
Machine 1,20,2026,8520.0
Machine 1,20,2027,8520.0
Machine 1,20,2028,8520.0
Machine 1,20,2029,8520.0
Machine 1,20,2030,8520.0
Machine 1,20,2031,8520.0
Machine 1,20,2032,8520.0
Machine 2,20,2025,8520.0
Machine 2,20,2026,8520.0
Machine 2,20,2027,8483.0
Machine 2,20,2028,8507.0
Machine 2,20,2029,8483.0
Machine 2,20,2030,8483.0
Machine 2,20,2031,8483.0
Machine 2,20,2032,8507.0
Machine 3,20,2025,8520.0
Machine 3,20,2026,8520.0
Machine 3,20,2027,8483.0
Machine 3,20,2028,8507.0
Machine 3,20,2029,6509.0
Machine 3,20,2030,6509.0
Machine 3,20,2031,6509.0
Machine 3,20,2032,6509.0
Machine 4,20,2025,4852.0
Machine 4,20,2026,3952.0
Machine 4,20,2027,3912.0
Machine 4,20,2028,3936.0
Machine 4,20,2029,3936.0
Machine 4,20,2030,3936.0
Machine 4,20,2031,3936.0
Machine 4,20,2032,3936.0
Machine 5,20,2025,5131.0
Machine 5,20,2026,4604.0
Machine 5,20,2027,4032.0
Machine 5,20,2028,4032.0
Machine 5,20,2029,4032.0
Machine 5,20,2030,4032.0
Machine 5,20,2031,4032.0
Machine 5,20,2032,4032.0
Machine 1,21,2025,8520.0
Machine 1,21,2026,8520.0
Machine 1,21,2027,8520.0
Machine 1,21,2028,8520.0
Machine 1,21,2029,8520.0
Machine 1,21,2030,8520.0
Machine 1,21,2031,8520.0
Machine 1,21,2032,8520.0
Machine 2,21,2025,8520.0
Machine 2,21,2026,8520.0
Machine 2,21,2027,8483.0
Machine 2,21,2028,8507.0
Machine 2,21,2029,8483.0
Machine 2,21,2030,8483.0
Machine 2,21,2031,8483.0
Machine 2,21,2032,8507.0
Machine 3,21,2025,8520.0
Machine 3,21,2026,8520.0
Machine 3,21,2027,8483.0
Machine 3,21,2028,8507.0
Machine 3,21,2029,6509.0
Machine 3,21,2030,6509.0
Machine 3,21,2031,6509.0
Machine 3,21,2032,6509.0
Machine 4,21,2025,4852.0
Machine 4,21,2026,3952.0
Machine 4,21,2027,3912.0
Machine 4,21,2028,3936.0
Machine 4,21,2029,3936.0
Machine 4,21,2030,3936.0
Machine 4,21,2031,3936.0
Machine 4,21,2032,3936.0
Machine 5,21,2025,5131.0
Machine 5,21,2026,4604.0
Machine 5,21,2027,4032.0
Machine 5,21,2028,4032.0
Machine 5,21,2029,4032.0
Machine 5,21,2030,4032.0
Machine 5,21,2031,4032.0
Machine 5,21,2032,4032.0
Machine 1,22,2025,8520.0
Machine 1,22,2026,8520.0
Machine 1,22,2027,8520.0
Machine 1,22,2028,8520.0
Machine 1,22,2029,8520.0
Machine 1,22,2030,8520.0
Machine 1,22,2031,8520.0
Machine 1,22,2032,8520.0
Machine 2,22,2025,8520.0
Machine 2,22,2026,8520.0
Machine 2,22,2027,8483.0
Machine 2,22,2028,8507.0
Machine 2,22,2029,8483.0
Machine 2,22,2030,8483.0
Machine 2,22,2031,8483.0
Machine 2,22,2032,8507.0
Machine 3,22,2025,8520.0
Machine 3,22,2026,8520.0
Machine 3,22,2027,8483.0
Machine 3,22,2028,8507.0
Machine 3,22,2029,6509.0
Machine 3,22,2030,6509.0
Machine 3,22,2031,6509.0
Machine 3,22,2032,6509.0
Machine 4,22,2025,4852.0
Machine 4,22,2026,3952.0
Machine 4,22,2027,3912.0
Machine 4,22,2028,3936.0
Machine 4,22,2029,3936.0
Machine 4,22,2030,3936.0
Machine 4,22,2031,3936.0
Machine 4,22,2032,3936.0
Machine 5,22,2025,5131.0
Machine 5,22,2026,4604.0
Machine 5,22,2027,4032.0
Machine 5,22,2028,4032.0
Machine 5,22,2029,4032.0
Machine 5,22,2030,4032.0
Machine 5,22,2031,4032.0
Machine 5,22,2032,4032.0
Machine 1,23,2025,8520.0
Machine 1,23,2026,8520.0
Machine 1,23,2027,8520.0
Machine 1,23,2028,8520.0
Machine 1,23,2029,8520.0
Machine 1,23,2030,8520.0
Machine 1,23,2031,8520.0
Machine 1,23,2032,8520.0
Machine 2,23,2025,8520.0
Machine 2,23,2026,8520.0
Machine 2,23,2027,8483.0
Machine 2,23,2028,8507.0
Machine 2,23,2029,8483.0
Machine 2,23,2030,8483.0
Machine 2,23,2031,8483.0
Machine 2,23,2032,8507.0
Machine 3,23,2025,8520.0
Machine 3,23,2026,8520.0
Machine 3,23,2027,8483.0
Machine 3,23,2028,8507.0
Machine 3,23,2029,6509.0
Machine 3,23,2030,6509.0
Machine 3,23,2031,6509.0
Machine 3,23,2032,6509.0
Machine 4,23,2025,4852.0
Machine 4,23,2026,3952.0
Machine 4,23,2027,3912.0
Machine 4,23,2028,3936.0
Machine 4,23,2029,3936.0
Machine 4,23,2030,3936.0
Machine 4,23,2031,3936.0
Machine 4,23,2032,3936.0
Machine 5,23,2025,5131.0
Machine 5,23,2026,4604.0
Machine 5,23,2027,4032.0
Machine 5,23,2028,4032.0
Machine 5,23,2029,4032.0
Machine 5,23,2030,4032.0
Machine 5,23,2031,4032.0
Machine 5,23,2032,4032.0
Machine 1,24,2025,8520.0
Machine 1,24,2026,8520.0
Machine 1,24,2027,8520.0
Machine 1,24,2028,8520.0
Machine 1,24,2029,8520.0
Machine 1,24,2030,8520.0
Machine 1,24,2031,8520.0
Machine 1,24,2032,8520.0
Machine 2,24,2025,8520.0
Machine 2,24,2026,8520.0
Machine 2,24,2027,8483.0
Machine 2,24,2028,8507.0
Machine 2,24,2029,8483.0
Machine 2,24,2030,8483.0
Machine 2,24,2031,8483.0
Machine 2,24,2032,8507.0
Machine 3,24,2025,8520.0
Machine 3,24,2026,8520.0
Machine 3,24,2027,8483.0
Machine 3,24,2028,8507.0
Machine 3,24,2029,6509.0
Machine 3,24,2030,6509.0
Machine 3,24,2031,6509.0
Machine 3,24,2032,6509.0
Machine 4,24,2025,4852.0
Machine 4,24,2026,3952.0
Machine 4,24,2027,3912.0
Machine 4,24,2028,3936.0
Machine 4,24,2029,3936.0
Machine 4,24,2030,3936.0
Machine 4,24,2031,3936.0
Machine 4,24,2032,3936.0
Machine 5,24,2025,5131.0
Machine 5,24,2026,4604.0
Machine 5,24,2027,4032.0
Machine 5,24,2028,4032.0
Machine 5,24,2029,4032.0
Machine 5,24,2030,4032.0
Machine 5,24,2031,4032.0
Machine 5,24,2032,4032.0
Machine 1,25,2025,8520.0
Machine 1,25,2026,8520.0
Machine 1,25,2027,8520.0
Machine 1,25,2028,8520.0
Machine 1,25,2029,8520.0
Machine 1,25,2030,8520.0
Machine 1,25,2031,8520.0
Machine 1,25,2032,8520.0
Machine 2,25,2025,8520.0
Machine 2,25,2026,8520.0
Machine 2,25,2027,8483.0
Machine 2,25,2028,8507.0
Machine 2,25,2029,8483.0
Machine 2,25,2030,8483.0
Machine 2,25,2031,8483.0
Machine 2,25,2032,8507.0
Machine 3,25,2025,8520.0
Machine 3,25,2026,8520.0
Machine 3,25,2027,8483.0
Machine 3,25,2028,8507.0
Machine 3,25,2029,6509.0
Machine 3,25,2030,6509.0
Machine 3,25,2031,6509.0
Machine 3,25,2032,6509.0
Machine 4,25,2025,4852.0
Machine 4,25,2026,3952.0
Machine 4,25,2027,3912.0
Machine 4,25,2028,3936.0
Machine 4,25,2029,3936.0
Machine 4,25,2030,3936.0
Machine 4,25,2031,3936.0
Machine 4,25,2032,3936.0
Machine 5,25,2025,5131.0
Machine 5,25,2026,4604.0
Machine 5,25,2027,4032.0
Machine 5,25,2028,4032.0
Machine 5,25,2029,4032.0
Machine 5,25,2030,4032.0
Machine 5,25,2031,4032.0
Machine 5,25,2032,4032.0
Machine 1,26,2025,8520.0
Machine 1,26,2026,8520.0
Machine 1,26,2027,8520.0
Machine 1,26,2028,8520.0
Machine 1,26,2029,8520.0
Machine 1,26,2030,8520.0
Machine 1,26,2031,8520.0
Machine 1,26,2032,8520.0
Machine 2,26,2025,8520.0
Machine 2,26,2026,8520.0
Machine 2,26,2027,8483.0
Machine 2,26,2028,8507.0
Machine 2,26,2029,8483.0
Machine 2,26,2030,8483.0
Machine 2,26,2031,8483.0
Machine 2,26,2032,8507.0
Machine 3,26,2025,8520.0
Machine 3,26,2026,8520.0
Machine 3,26,2027,8483.0
Machine 3,26,2028,8507.0
Machine 3,26,2029,6509.0
Machine 3,26,2030,6509.0
Machine 3,26,2031,6509.0
Machine 3,26,2032,6509.0
Machine 4,26,2025,4852.0
Machine 4,26,2026,3952.0
Machine 4,26,2027,3912.0
Machine 4,26,2028,3936.0
Machine 4,26,2029,3936.0
Machine 4,26,2030,3936.0
Machine 4,26,2031,3936.0
Machine 4,26,2032,3936.0
Machine 5,26,2025,5131.0
Machine 5,26,2026,4604.0
Machine 5,26,2027,4032.0
Machine 5,26,2028,4032.0
Machine 5,26,2029,4032.0
Machine 5,26,2030,4032.0
Machine 5,26,2031,4032.0
Machine 5,26,2032,4032.0
Machine 1,27,2025,8520.0
Machine 1,27,2026,8520.0
Machine 1,27,2027,8520.0
Machine 1,27,2028,8520.0
Machine 1,27,2029,8520.0
Machine 1,27,2030,8520.0
Machine 1,27,2031,8520.0
Machine 1,27,2032,8520.0
Machine 2,27,2025,8520.0
Machine 2,27,2026,8520.0
Machine 2,27,2027,8483.0
Machine 2,27,2028,8507.0
Machine 2,27,2029,8483.0
Machine 2,27,2030,8483.0
Machine 2,27,2031,8483.0
Machine 2,27,2032,8507.0
Machine 3,27,2025,8520.0
Machine 3,27,2026,8520.0
Machine 3,27,2027,8483.0
Machine 3,27,2028,8507.0
Machine 3,27,2029,6509.0
Machine 3,27,2030,6509.0
Machine 3,27,2031,6509.0
Machine 3,27,2032,6509.0
Machine 4,27,2025,4852.0
Machine 4,27,2026,3952.0
Machine 4,27,2027,3912.0
Machine 4,27,2028,3936.0
Machine 4,27,2029,3936.0
Machine 4,27,2030,3936.0
Machine 4,27,2031,3936.0
Machine 4,27,2032,3936.0
Machine 5,27,2025,5131.0
Machine 5,27,2026,4604.0
Machine 5,27,2027,4032.0
Machine 5,27,2028,4032.0
Machine 5,27,2029,4032.0
Machine 5,27,2030,4032.0
Machine 5,27,2031,4032.0
Machine 5,27,2032,4032.0
Machine 1,28,2025,8520.0
Machine 1,28,2026,8520.0
Machine 1,28,2027,8520.0
Machine 1,28,2028,8520.0
Machine 1,28,2029,8520.0
Machine 1,28,2030,8520.0
Machine 1,28,2031,8520.0
Machine 1,28,2032,8520.0
Machine 2,28,2025,8520.0
Machine 2,28,2026,8520.0
Machine 2,28,2027,8483.0
Machine 2,28,2028,8507.0
Machine 2,28,2029,8483.0
Machine 2,28,2030,8483.0
Machine 2,28,2031,8483.0
Machine 2,28,2032,8507.0
Machine 3,28,2025,8520.0
Machine 3,28,2026,8520.0
Machine 3,28,2027,8483.0
Machine 3,28,2028,8507.0
Machine 3,28,2029,6509.0
Machine 3,28,2030,6509.0
Machine 3,28,2031,6509.0
Machine 3,28,2032,6509.0
Machine 4,28,2025,4852.0
Machine 4,28,2026,3952.0
Machine 4,28,2027,3912.0
Machine 4,28,2028,3936.0
Machine 4,28,2029,3936.0
Machine 4,28,2030,3936.0
Machine 4,28,2031,3936.0
Machine 4,28,2032,3936.0
Machine 5,28,2025,5131.0
Machine 5,28,2026,4604.0
Machine 5,28,2027,4032.0
Machine 5,28,2028,4032.0
Machine 5,28,2029,4032.0
Machine 5,28,2030,4032.0
Machine 5,28,2031,4032.0
Machine 5,28,2032,4032.0
Machine 1,29,2025,8520.0
Machine 1,29,2026,8520.0
Machine 1,29,2027,8520.0
Machine 1,29,2028,8520.0
Machine 1,29,2029,8520.0
Machine 1,29,2030,8520.0
Machine 1,29,2031,8520.0
Machine 1,29,2032,8520.0
Machine 2,29,2025,8520.0
Machine 2,29,2026,8520.0
Machine 2,29,2027,8483.0
Machine 2,29,2028,8507.0
Machine 2,29,2029,8483.0
Machine 2,29,2030,8483.0
Machine 2,29,2031,8483.0
Machine 2,29,2032,8507.0
Machine 3,29,2025,8520.0
Machine 3,29,2026,8520.0
Machine 3,29,2027,8483.0
Machine 3,29,2028,8507.0
Machine 3,29,2029,6509.0
Machine 3,29,2030,6509.0
Machine 3,29,2031,6509.0
Machine 3,29,2032,6509.0
Machine 4,29,2025,4852.0
Machine 4,29,2026,3952.0
Machine 4,29,2027,3912.0
Machine 4,29,2028,3936.0
Machine 4,29,2029,3936.0
Machine 4,29,2030,3936.0
Machine 4,29,2031,3936.0
Machine 4,29,2032,3936.0
Machine 5,29,2025,5131.0
Machine 5,29,2026,4604.0
Machine 5,29,2027,4032.0
Machine 5,29,2028,4032.0
Machine 5,29,2029,4032.0
Machine 5,29,2030,4032.0
Machine 5,29,2031,4032.0
Machine 5,29,2032,4032.0
Machine 1,30,2025,8520.0
Machine 1,30,2026,8520.0
Machine 1,30,2027,8520.0
Machine 1,30,2028,8520.0
Machine 1,30,2029,8520.0
Machine 1,30,2030,8520.0
Machine 1,30,2031,8520.0
Machine 1,30,2032,8520.0
Machine 2,30,2025,8520.0
Machine 2,30,2026,8520.0
Machine 2,30,2027,8483.0
Machine 2,30,2028,8507.0
Machine 2,30,2029,8483.0
Machine 2,30,2030,8483.0
Machine 2,30,2031,8483.0
Machine 2,30,2032,8507.0
Machine 3,30,2025,8520.0
Machine 3,30,2026,8520.0
Machine 3,30,2027,8483.0
Machine 3,30,2028,8507.0
Machine 3,30,2029,6509.0
Machine 3,30,2030,6509.0
Machine 3,30,2031,6509.0
Machine 3,30,2032,6509.0
Machine 4,30,2025,4852.0
Machine 4,30,2026,3952.0
Machine 4,30,2027,3912.0
Machine 4,30,2028,3936.0
Machine 4,30,2029,3936.0
Machine 4,30,2030,3936.0
Machine 4,30,2031,3936.0
Machine 4,30,2032,3936.0
Machine 5,30,2025,5131.0
Machine 5,30,2026,4604.0
Machine 5,30,2027,4032.0
Machine 5,30,2028,4032.0
Machine 5,30,2029,4032.0
Machine 5,30,2030,4032.0
Machine 5,30,2031,4032.0
Machine 5,30,2032,4032.0
Machine 1,31,2025,8520.0
Machine 1,31,2026,8520.0
Machine 1,31,2027,8520.0
Machine 1,31,2028,8520.0
Machine 1,31,2029,8520.0
Machine 1,31,2030,8520.0
Machine 1,31,2031,8520.0
Machine 1,31,2032,8520.0
Machine 2,31,2025,8520.0
Machine 2,31,2026,8520.0
Machine 2,31,2027,8483.0
Machine 2,31,2028,8507.0
Machine 2,31,2029,8483.0
Machine 2,31,2030,8483.0
Machine 2,31,2031,8483.0
Machine 2,31,2032,8507.0
Machine 3,31,2025,8520.0
Machine 3,31,2026,8520.0
Machine 3,31,2027,8483.0
Machine 3,31,2028,8507.0
Machine 3,31,2029,6509.0
Machine 3,31,2030,6509.0
Machine 3,31,2031,6509.0
Machine 3,31,2032,6509.0
Machine 4,31,2025,4852.0
Machine 4,31,2026,3952.0
Machine 4,31,2027,3912.0
Machine 4,31,2028,3936.0
Machine 4,31,2029,3936.0
Machine 4,31,2030,3936.0
Machine 4,31,2031,3936.0
Machine 4,31,2032,3936.0
Machine 5,31,2025,5131.0
Machine 5,31,2026,4604.0
Machine 5,31,2027,4032.0
Machine 5,31,2028,4032.0
Machine 5,31,2029,4032.0
Machine 5,31,2030,4032.0
Machine 5,31,2031,4032.0
Machine 5,31,2032,4032.0
Machine 1,32,2025,8520.0
Machine 1,32,2026,8520.0
Machine 1,32,2027,8520.0
Machine 1,32,2028,8520.0
Machine 1,32,2029,8520.0
Machine 1,32,2030,8520.0
Machine 1,32,2031,8520.0
Machine 1,32,2032,8520.0
Machine 2,32,2025,8520.0
Machine 2,32,2026,8520.0
Machine 2,32,2027,8483.0
Machine 2,32,2028,8507.0
Machine 2,32,2029,8483.0
Machine 2,32,2030,8483.0
Machine 2,32,2031,8483.0
Machine 2,32,2032,8507.0
Machine 3,32,2025,8520.0
Machine 3,32,2026,8520.0
Machine 3,32,2027,8483.0
Machine 3,32,2028,8507.0
Machine 3,32,2029,6509.0
Machine 3,32,2030,6509.0
Machine 3,32,2031,6509.0
Machine 3,32,2032,6509.0
Machine 4,32,2025,4852.0
Machine 4,32,2026,3952.0
Machine 4,32,2027,3912.0
Machine 4,32,2028,3936.0
Machine 4,32,2029,3936.0
Machine 4,32,2030,3936.0
Machine 4,32,2031,3936.0
Machine 4,32,2032,3936.0
Machine 5,32,2025,5131.0
Machine 5,32,2026,4604.0
Machine 5,32,2027,4032.0
Machine 5,32,2028,4032.0
Machine 5,32,2029,4032.0
Machine 5,32,2030,4032.0
Machine 5,32,2031,4032.0
Machine 5,32,2032,4032.0
Machine 1,33,2025,8520.0
Machine 1,33,2026,8520.0
Machine 1,33,2027,8520.0
Machine 1,33,2028,8520.0
Machine 1,33,2029,8520.0
Machine 1,33,2030,8520.0
Machine 1,33,2031,8520.0
Machine 1,33,2032,8520.0
Machine 2,33,2025,8520.0
Machine 2,33,2026,8520.0
Machine 2,33,2027,8483.0
Machine 2,33,2028,8507.0
Machine 2,33,2029,8483.0
Machine 2,33,2030,8483.0
Machine 2,33,2031,8483.0
Machine 2,33,2032,8507.0
Machine 3,33,2025,8520.0
Machine 3,33,2026,8520.0
Machine 3,33,2027,8483.0
Machine 3,33,2028,8507.0
Machine 3,33,2029,6509.0
Machine 3,33,2030,6509.0
Machine 3,33,2031,6509.0
Machine 3,33,2032,6509.0
Machine 4,33,2025,4852.0
Machine 4,33,2026,3952.0
Machine 4,33,2027,3912.0
Machine 4,33,2028,3936.0
Machine 4,33,2029,3936.0
Machine 4,33,2030,3936.0
Machine 4,33,2031,3936.0
Machine 4,33,2032,3936.0
Machine 5,33,2025,5131.0
Machine 5,33,2026,4604.0
Machine 5,33,2027,4032.0
Machine 5,33,2028,4032.0
Machine 5,33,2029,4032.0
Machine 5,33,2030,4032.0
Machine 5,33,2031,4032.0
Machine 5,33,2032,4032.0
Machine 1,34,2025,8520.0
Machine 1,34,2026,8520.0
Machine 1,34,2027,8520.0
Machine 1,34,2028,8520.0
Machine 1,34,2029,8520.0
Machine 1,34,2030,8520.0
Machine 1,34,2031,8520.0
Machine 1,34,2032,8520.0
Machine 2,34,2025,8520.0
Machine 2,34,2026,8520.0
Machine 2,34,2027,8483.0
Machine 2,34,2028,8507.0
Machine 2,34,2029,8483.0
Machine 2,34,2030,8483.0
Machine 2,34,2031,8483.0
Machine 2,34,2032,8507.0
Machine 3,34,2025,8520.0
Machine 3,34,2026,8520.0
Machine 3,34,2027,8483.0
Machine 3,34,2028,8507.0
Machine 3,34,2029,6509.0
Machine 3,34,2030,6509.0
Machine 3,34,2031,6509.0
Machine 3,34,2032,6509.0
Machine 4,34,2025,4852.0
Machine 4,34,2026,3952.0
Machine 4,34,2027,3912.0
Machine 4,34,2028,3936.0
Machine 4,34,2029,3936.0
Machine 4,34,2030,3936.0
Machine 4,34,2031,3936.0
Machine 4,34,2032,3936.0
Machine 5,34,2025,5131.0
Machine 5,34,2026,4604.0
Machine 5,34,2027,4032.0
Machine 5,34,2028,4032.0
Machine 5,34,2029,4032.0
Machine 5,34,2030,4032.0
Machine 5,34,2031,4032.0
Machine 5,34,2032,4032.0
Machine 1,35,2025,8520.0
Machine 1,35,2026,8520.0
Machine 1,35,2027,8520.0
Machine 1,35,2028,8520.0
Machine 1,35,2029,8520.0
Machine 1,35,2030,8520.0
Machine 1,35,2031,8520.0
Machine 1,35,2032,8520.0
Machine 2,35,2025,8520.0
Machine 2,35,2026,8520.0
Machine 2,35,2027,8483.0
Machine 2,35,2028,8507.0
Machine 2,35,2029,8483.0
Machine 2,35,2030,8483.0
Machine 2,35,2031,8483.0
Machine 2,35,2032,8507.0
Machine 3,35,2025,8520.0
Machine 3,35,2026,8520.0
Machine 3,35,2027,8483.0
Machine 3,35,2028,8507.0
Machine 3,35,2029,6509.0
Machine 3,35,2030,6509.0
Machine 3,35,2031,6509.0
Machine 3,35,2032,6509.0
Machine 4,35,2025,4852.0
Machine 4,35,2026,3952.0
Machine 4,35,2027,3912.0
Machine 4,35,2028,3936.0
Machine 4,35,2029,3936.0
Machine 4,35,2030,3936.0
Machine 4,35,2031,3936.0
Machine 4,35,2032,3936.0
Machine 5,35,2025,5131.0
Machine 5,35,2026,4604.0
Machine 5,35,2027,4032.0
Machine 5,35,2028,4032.0
Machine 5,35,2029,4032.0
Machine 5,35,2030,4032.0
Machine 5,35,2031,4032.0
Machine 5,35,2032,4032.0
Machine 1,36,2025,8520.0
Machine 1,36,2026,8520.0
Machine 1,36,2027,8520.0
Machine 1,36,2028,8520.0
Machine 1,36,2029,8520.0
Machine 1,36,2030,8520.0
Machine 1,36,2031,8520.0
Machine 1,36,2032,8520.0
Machine 2,36,2025,8520.0
Machine 2,36,2026,8520.0
Machine 2,36,2027,8483.0
Machine 2,36,2028,8507.0
Machine 2,36,2029,8483.0
Machine 2,36,2030,8483.0
Machine 2,36,2031,8483.0
Machine 2,36,2032,8507.0
Machine 3,36,2025,8520.0
Machine 3,36,2026,8520.0
Machine 3,36,2027,8483.0
Machine 3,36,2028,8507.0
Machine 3,36,2029,6509.0
Machine 3,36,2030,6509.0
Machine 3,36,2031,6509.0
Machine 3,36,2032,6509.0
Machine 4,36,2025,4852.0
Machine 4,36,2026,3952.0
Machine 4,36,2027,3912.0
Machine 4,36,2028,3936.0
Machine 4,36,2029,3936.0
Machine 4,36,2030,3936.0
Machine 4,36,2031,3936.0
Machine 4,36,2032,3936.0
Machine 5,36,2025,5131.0
Machine 5,36,2026,4604.0
Machine 5,36,2027,4032.0
Machine 5,36,2028,4032.0
Machine 5,36,2029,4032.0
Machine 5,36,2030,4032.0
Machine 5,36,2031,4032.0
Machine 5,36,2032,4032.0
Machine 1,37,2025,8520.0
Machine 1,37,2026,8520.0
Machine 1,37,2027,8520.0
Machine 1,37,2028,8520.0
Machine 1,37,2029,8520.0
Machine 1,37,2030,8520.0
Machine 1,37,2031,8520.0
Machine 1,37,2032,8520.0
Machine 2,37,2025,8520.0
Machine 2,37,2026,8520.0
Machine 2,37,2027,8483.0
Machine 2,37,2028,8507.0
Machine 2,37,2029,8483.0
Machine 2,37,2030,8483.0
Machine 2,37,2031,8483.0
Machine 2,37,2032,8507.0
Machine 3,37,2025,8520.0
Machine 3,37,2026,8520.0
Machine 3,37,2027,8483.0
Machine 3,37,2028,8507.0
Machine 3,37,2029,6509.0
Machine 3,37,2030,6509.0
Machine 3,37,2031,6509.0
Machine 3,37,2032,6509.0
Machine 4,37,2025,4852.0
Machine 4,37,2026,3952.0
Machine 4,37,2027,3912.0
Machine 4,37,2028,3936.0
Machine 4,37,2029,3936.0
Machine 4,37,2030,3936.0
Machine 4,37,2031,3936.0
Machine 4,37,2032,3936.0
Machine 5,37,2025,5131.0
Machine 5,37,2026,4604.0
Machine 5,37,2027,4032.0
Machine 5,37,2028,4032.0
Machine 5,37,2029,4032.0
Machine 5,37,2030,4032.0
Machine 5,37,2031,4032.0
Machine 5,37,2032,4032.0
Machine 1,38,2025,8520.0
Machine 1,38,2026,8520.0
Machine 1,38,2027,8520.0
Machine 1,38,2028,8520.0
Machine 1,38,2029,8520.0
Machine 1,38,2030,8520.0
Machine 1,38,2031,8520.0
Machine 1,38,2032,8520.0
Machine 2,38,2025,8520.0
Machine 2,38,2026,8520.0
Machine 2,38,2027,8483.0
Machine 2,38,2028,8507.0
Machine 2,38,2029,8483.0
Machine 2,38,2030,8483.0
Machine 2,38,2031,8483.0
Machine 2,38,2032,8507.0
Machine 3,38,2025,8520.0
Machine 3,38,2026,8520.0
Machine 3,38,2027,8483.0
Machine 3,38,2028,8507.0
Machine 3,38,2029,6509.0
Machine 3,38,2030,6509.0
Machine 3,38,2031,6509.0
Machine 3,38,2032,6509.0
Machine 4,38,2025,4852.0
Machine 4,38,2026,3952.0
Machine 4,38,2027,3912.0
Machine 4,38,2028,3936.0
Machine 4,38,2029,3936.0
Machine 4,38,2030,3936.0
Machine 4,38,2031,3936.0
Machine 4,38,2032,3936.0
Machine 5,38,2025,5131.0
Machine 5,38,2026,4604.0
Machine 5,38,2027,4032.0
Machine 5,38,2028,4032.0
Machine 5,38,2029,4032.0
Machine 5,38,2030,4032.0
Machine 5,38,2031,4032.0
Machine 5,38,2032,4032.0
Machine 1,39,2025,8520.0
Machine 1,39,2026,8520.0
Machine 1,39,2027,8520.0
Machine 1,39,2028,8520.0
Machine 1,39,2029,8520.0
Machine 1,39,2030,8520.0
Machine 1,39,2031,8520.0
Machine 1,39,2032,8520.0
Machine 2,39,2025,8520.0
Machine 2,39,2026,8520.0
Machine 2,39,2027,8483.0
Machine 2,39,2028,8507.0
Machine 2,39,2029,8483.0
Machine 2,39,2030,8483.0
Machine 2,39,2031,8483.0
Machine 2,39,2032,8507.0
Machine 3,39,2025,8520.0
Machine 3,39,2026,8520.0
Machine 3,39,2027,8483.0
Machine 3,39,2028,8507.0
Machine 3,39,2029,6509.0
Machine 3,39,2030,6509.0
Machine 3,39,2031,6509.0
Machine 3,39,2032,6509.0
Machine 4,39,2025,4852.0
Machine 4,39,2026,3952.0
Machine 4,39,2027,3912.0
Machine 4,39,2028,3936.0
Machine 4,39,2029,3936.0
Machine 4,39,2030,3936.0
Machine 4,39,2031,3936.0
Machine 4,39,2032,3936.0
Machine 5,39,2025,5131.0
Machine 5,39,2026,4604.0
Machine 5,39,2027,4032.0
Machine 5,39,2028,4032.0
Machine 5,39,2029,4032.0
Machine 5,39,2030,4032.0
Machine 5,39,2031,4032.0
Machine 5,39,2032,4032.0
Machine 1,40,2025,8520.0
Machine 1,40,2026,8520.0
Machine 1,40,2027,8520.0
Machine 1,40,2028,8520.0
Machine 1,40,2029,8520.0
Machine 1,40,2030,8520.0
Machine 1,40,2031,8520.0
Machine 1,40,2032,8520.0
Machine 2,40,2025,8520.0
Machine 2,40,2026,8520.0
Machine 2,40,2027,8483.0
Machine 2,40,2028,8507.0
Machine 2,40,2029,8483.0
Machine 2,40,2030,8483.0
Machine 2,40,2031,8483.0
Machine 2,40,2032,8507.0
Machine 3,40,2025,8520.0
Machine 3,40,2026,8520.0
Machine 3,40,2027,8483.0
Machine 3,40,2028,8507.0
Machine 3,40,2029,6509.0
Machine 3,40,2030,6509.0
Machine 3,40,2031,6509.0
Machine 3,40,2032,6509.0
Machine 4,40,2025,4852.0
Machine 4,40,2026,3952.0
Machine 4,40,2027,3912.0
Machine 4,40,2028,3936.0
Machine 4,40,2029,3936.0
Machine 4,40,2030,3936.0
Machine 4,40,2031,3936.0
Machine 4,40,2032,3936.0
Machine 5,40,2025,5131.0
Machine 5,40,2026,4604.0
Machine 5,40,2027,4032.0
Machine 5,40,2028,4032.0
Machine 5,40,2029,4032.0
Machine 5,40,2030,4032.0
Machine 5,40,2031,4032.0
Machine 5,40,2032,4032.0
Machine 1,41,2025,8520.0
Machine 1,41,2026,8520.0
Machine 1,41,2027,8520.0
Machine 1,41,2028,8520.0
Machine 1,41,2029,8520.0
Machine 1,41,2030,8520.0
Machine 1,41,2031,8520.0
Machine 1,41,2032,8520.0
Machine 2,41,2025,8520.0
Machine 2,41,2026,8520.0
Machine 2,41,2027,8483.0
Machine 2,41,2028,8507.0
Machine 2,41,2029,8483.0
Machine 2,41,2030,8483.0
Machine 2,41,2031,8483.0
Machine 2,41,2032,8507.0
Machine 3,41,2025,8520.0
Machine 3,41,2026,8520.0
Machine 3,41,2027,8483.0
Machine 3,41,2028,8507.0
Machine 3,41,2029,6509.0
Machine 3,41,2030,6509.0
Machine 3,41,2031,6509.0
Machine 3,41,2032,6509.0
Machine 4,41,2025,4852.0
Machine 4,41,2026,3952.0
Machine 4,41,2027,3912.0
Machine 4,41,2028,3936.0
Machine 4,41,2029,3936.0
Machine 4,41,2030,3936.0
Machine 4,41,2031,3936.0
Machine 4,41,2032,3936.0
Machine 5,41,2025,5131.0
Machine 5,41,2026,4604.0
Machine 5,41,2027,4032.0
Machine 5,41,2028,4032.0
Machine 5,41,2029,4032.0
Machine 5,41,2030,4032.0
Machine 5,41,2031,4032.0
Machine 5,41,2032,4032.0
Machine 1,42,2025,8520.0
Machine 1,42,2026,8520.0
Machine 1,42,2027,8520.0
Machine 1,42,2028,8520.0
Machine 1,42,2029,8520.0
Machine 1,42,2030,8520.0
Machine 1,42,2031,8520.0
Machine 1,42,2032,8520.0
Machine 2,42,2025,8520.0
Machine 2,42,2026,8520.0
Machine 2,42,2027,8483.0
Machine 2,42,2028,8507.0
Machine 2,42,2029,8483.0
Machine 2,42,2030,8483.0
Machine 2,42,2031,8483.0
Machine 2,42,2032,8507.0
Machine 3,42,2025,8520.0
Machine 3,42,2026,8520.0
Machine 3,42,2027,8483.0
Machine 3,42,2028,8507.0
Machine 3,42,2029,6509.0
Machine 3,42,2030,6509.0
Machine 3,42,2031,6509.0
Machine 3,42,2032,6509.0
Machine 4,42,2025,4852.0
Machine 4,42,2026,3952.0
Machine 4,42,2027,3912.0
Machine 4,42,2028,3936.0
Machine 4,42,2029,3936.0
Machine 4,42,2030,3936.0
Machine 4,42,2031,3936.0
Machine 4,42,2032,3936.0
Machine 5,42,2025,5131.0
Machine 5,42,2026,4604.0
Machine 5,42,2027,4032.0
Machine 5,42,2028,4032.0
Machine 5,42,2029,4032.0
Machine 5,42,2030,4032.0
Machine 5,42,2031,4032.0
Machine 5,42,2032,4032.0
Machine 1,43,2025,8520.0
Machine 1,43,2026,8520.0
Machine 1,43,2027,8520.0
Machine 1,43,2028,8520.0
Machine 1,43,2029,8520.0
Machine 1,43,2030,8520.0
Machine 1,43,2031,8520.0
Machine 1,43,2032,8520.0
Machine 2,43,2025,8520.0
Machine 2,43,2026,8520.0
Machine 2,43,2027,8483.0
Machine 2,43,2028,8507.0
Machine 2,43,2029,8483.0
Machine 2,43,2030,8483.0
Machine 2,43,2031,8483.0
Machine 2,43,2032,8507.0
Machine 3,43,2025,8520.0
Machine 3,43,2026,8520.0
Machine 3,43,2027,8483.0
Machine 3,43,2028,8507.0
Machine 3,43,2029,6509.0
Machine 3,43,2030,6509.0
Machine 3,43,2031,6509.0
Machine 3,43,2032,6509.0
Machine 4,43,2025,4852.0
Machine 4,43,2026,3952.0
Machine 4,43,2027,3912.0
Machine 4,43,2028,3936.0
Machine 4,43,2029,3936.0
Machine 4,43,2030,3936.0
Machine 4,43,2031,3936.0
Machine 4,43,2032,3936.0
Machine 5,43,2025,5131.0
Machine 5,43,2026,4604.0
Machine 5,43,2027,4032.0
Machine 5,43,2028,4032.0
Machine 5,43,2029,4032.0
Machine 5,43,2030,4032.0
Machine 5,43,2031,4032.0
Machine 5,43,2032,4032.0
Machine 1,44,2025,8520.0
Machine 1,44,2026,8520.0
Machine 1,44,2027,8520.0
Machine 1,44,2028,8520.0
Machine 1,44,2029,8520.0
Machine 1,44,2030,8520.0
Machine 1,44,2031,8520.0
Machine 1,44,2032,8520.0
Machine 2,44,2025,8520.0
Machine 2,44,2026,8520.0
Machine 2,44,2027,8483.0
Machine 2,44,2028,8507.0
Machine 2,44,2029,8483.0
Machine 2,44,2030,8483.0
Machine 2,44,2031,8483.0
Machine 2,44,2032,8507.0
Machine 3,44,2025,8520.0
Machine 3,44,2026,8520.0
Machine 3,44,2027,8483.0
Machine 3,44,2028,8507.0
Machine 3,44,2029,6509.0
Machine 3,44,2030,6509.0
Machine 3,44,2031,6509.0
Machine 3,44,2032,6509.0
Machine 4,44,2025,4852.0
Machine 4,44,2026,3952.0
Machine 4,44,2027,3912.0
Machine 4,44,2028,3936.0
Machine 4,44,2029,3936.0
Machine 4,44,2030,3936.0
Machine 4,44,2031,3936.0
Machine 4,44,2032,3936.0
Machine 5,44,2025,5131.0
Machine 5,44,2026,4604.0
Machine 5,44,2027,4032.0
Machine 5,44,2028,4032.0
Machine 5,44,2029,4032.0
Machine 5,44,2030,4032.0
Machine 5,44,2031,4032.0
Machine 5,44,2032,4032.0
Machine 1,45,2025,8520.0
Machine 1,45,2026,8520.0
Machine 1,45,2027,8520.0
Machine 1,45,2028,8520.0
Machine 1,45,2029,8520.0
Machine 1,45,2030,8520.0
Machine 1,45,2031,8520.0
Machine 1,45,2032,8520.0
Machine 2,45,2025,8520.0
Machine 2,45,2026,8520.0
Machine 2,45,2027,8483.0
Machine 2,45,2028,8507.0
Machine 2,45,2029,8483.0
Machine 2,45,2030,8483.0
Machine 2,45,2031,8483.0
Machine 2,45,2032,8507.0
Machine 3,45,2025,8520.0
Machine 3,45,2026,8520.0
Machine 3,45,2027,8483.0
Machine 3,45,2028,8507.0
Machine 3,45,2029,6509.0
Machine 3,45,2030,6509.0
Machine 3,45,2031,6509.0
Machine 3,45,2032,6509.0
Machine 4,45,2025,4852.0
Machine 4,45,2026,3952.0
Machine 4,45,2027,3912.0
Machine 4,45,2028,3936.0
Machine 4,45,2029,3936.0
Machine 4,45,2030,3936.0
Machine 4,45,2031,3936.0
Machine 4,45,2032,3936.0
Machine 5,45,2025,5131.0
Machine 5,45,2026,4604.0
Machine 5,45,2027,4032.0
Machine 5,45,2028,4032.0
Machine 5,45,2029,4032.0
Machine 5,45,2030,4032.0
Machine 5,45,2031,4032.0
Machine 5,45,2032,4032.0
Machine 1,46,2025,8520.0
Machine 1,46,2026,8520.0
Machine 1,46,2027,8520.0
Machine 1,46,2028,8520.0
Machine 1,46,2029,8520.0
Machine 1,46,2030,8520.0
Machine 1,46,2031,8520.0
Machine 1,46,2032,8520.0
Machine 2,46,2025,8520.0
Machine 2,46,2026,8520.0
Machine 2,46,2027,8483.0
Machine 2,46,2028,8507.0
Machine 2,46,2029,8483.0
Machine 2,46,2030,8483.0
Machine 2,46,2031,8483.0
Machine 2,46,2032,8507.0
Machine 3,46,2025,8520.0
Machine 3,46,2026,8520.0
Machine 3,46,2027,8483.0
Machine 3,46,2028,8507.0
Machine 3,46,2029,6509.0
Machine 3,46,2030,6509.0
Machine 3,46,2031,6509.0
Machine 3,46,2032,6509.0
Machine 4,46,2025,4852.0
Machine 4,46,2026,3952.0
Machine 4,46,2027,3912.0
Machine 4,46,2028,3936.0
Machine 4,46,2029,3936.0
Machine 4,46,2030,3936.0
Machine 4,46,2031,3936.0
Machine 4,46,2032,3936.0
Machine 5,46,2025,5131.0
Machine 5,46,2026,4604.0
Machine 5,46,2027,4032.0
Machine 5,46,2028,4032.0
Machine 5,46,2029,4032.0
Machine 5,46,2030,4032.0
Machine 5,46,2031,4032.0
Machine 5,46,2032,4032.0
Machine 1,47,2025,8520.0
Machine 1,47,2026,8520.0
Machine 1,47,2027,8520.0
Machine 1,47,2028,8520.0
Machine 1,47,2029,8520.0
Machine 1,47,2030,8520.0
Machine 1,47,2031,8520.0
Machine 1,47,2032,8520.0
Machine 2,47,2025,8520.0
Machine 2,47,2026,8520.0
Machine 2,47,2027,8483.0
Machine 2,47,2028,8507.0
Machine 2,47,2029,8483.0
Machine 2,47,2030,8483.0
Machine 2,47,2031,8483.0
Machine 2,47,2032,8507.0
Machine 3,47,2025,8520.0
Machine 3,47,2026,8520.0
Machine 3,47,2027,8483.0
Machine 3,47,2028,8507.0
Machine 3,47,2029,6509.0
Machine 3,47,2030,6509.0
Machine 3,47,2031,6509.0
Machine 3,47,2032,6509.0
Machine 4,47,2025,4852.0
Machine 4,47,2026,3952.0
Machine 4,47,2027,3912.0
Machine 4,47,2028,3936.0
Machine 4,47,2029,3936.0
Machine 4,47,2030,3936.0
Machine 4,47,2031,3936.0
Machine 4,47,2032,3936.0
Machine 5,47,2025,5131.0
Machine 5,47,2026,4604.0
Machine 5,47,2027,4032.0
Machine 5,47,2028,4032.0
Machine 5,47,2029,4032.0
Machine 5,47,2030,4032.0
Machine 5,47,2031,4032.0
Machine 5,47,2032,4032.0
Machine 1,48,2025,8520.0
Machine 1,48,2026,8520.0
Machine 1,48,2027,8520.0
Machine 1,48,2028,8520.0
Machine 1,48,2029,8520.0
Machine 1,48,2030,8520.0
Machine 1,48,2031,8520.0
Machine 1,48,2032,8520.0
Machine 2,48,2025,8520.0
Machine 2,48,2026,8520.0
Machine 2,48,2027,8483.0
Machine 2,48,2028,8507.0
Machine 2,48,2029,8483.0
Machine 2,48,2030,8483.0
Machine 2,48,2031,8483.0
Machine 2,48,2032,8507.0
Machine 3,48,2025,8520.0
Machine 3,48,2026,8520.0
Machine 3,48,2027,8483.0
Machine 3,48,2028,8507.0
Machine 3,48,2029,6509.0
Machine 3,48,2030,6509.0
Machine 3,48,2031,6509.0
Machine 3,48,2032,6509.0
Machine 4,48,2025,4852.0
Machine 4,48,2026,3952.0
Machine 4,48,2027,3912.0
Machine 4,48,2028,3936.0
Machine 4,48,2029,3936.0
Machine 4,48,2030,3936.0
Machine 4,48,2031,3936.0
Machine 4,48,2032,3936.0
Machine 5,48,2025,5131.0
Machine 5,48,2026,4604.0
Machine 5,48,2027,4032.0
Machine 5,48,2028,4032.0
Machine 5,48,2029,4032.0
Machine 5,48,2030,4032.0
Machine 5,48,2031,4032.0
Machine 5,48,2032,4032.0
Machine 1,49,2025,8520.0
Machine 1,49,2026,8520.0
Machine 1,49,2027,8520.0
Machine 1,49,2028,8520.0
Machine 1,49,2029,8520.0
Machine 1,49,2030,8520.0
Machine 1,49,2031,8520.0
Machine 1,49,2032,8520.0
Machine 2,49,2025,8520.0
Machine 2,49,2026,8520.0
Machine 2,49,2027,8483.0
Machine 2,49,2028,8507.0
Machine 2,49,2029,8483.0
Machine 2,49,2030,8483.0
Machine 2,49,2031,8483.0
Machine 2,49,2032,8507.0
Machine 3,49,2025,8520.0
Machine 3,49,2026,8520.0
Machine 3,49,2027,8483.0
Machine 3,49,2028,8507.0
Machine 3,49,2029,6509.0
Machine 3,49,2030,6509.0
Machine 3,49,2031,6509.0
Machine 3,49,2032,6509.0
Machine 4,49,2025,4852.0
Machine 4,49,2026,3952.0
Machine 4,49,2027,3912.0
Machine 4,49,2028,3936.0
Machine 4,49,2029,3936.0
Machine 4,49,2030,3936.0
Machine 4,49,2031,3936.0
Machine 4,49,2032,3936.0
Machine 5,49,2025,5131.0
Machine 5,49,2026,4604.0
Machine 5,49,2027,4032.0
Machine 5,49,2028,4032.0
Machine 5,49,2029,4032.0
Machine 5,49,2030,4032.0
Machine 5,49,2031,4032.0
Machine 5,49,2032,4032.0
