analysis,analysis_name,analysis_task_index,run_id,established_products,launch_products,decline_products,growth_slope,availability,probability_launch,n_scenarios_sampled,seed,capacity_seed,evaluation_include_no_launch,solver_threads,time_limit_multi,time_limit_single,time_limit_long,time_limit_evaluation,multi_profit,single_profit,long_profit,n_arcs_multi,n_arcs_single,n_arcs_long,multi_machines,single_machines,n_machines_long,VMPSP,VMPLC,percent_vmpsp,percent_vmplc,planning_scenarios,evaluation_scenarios,status,runtime_seconds,error_type,error_message
4,Launch products vs growth slope,0,1,4,0,0,0.5,0.8,0.975,40,0,73,False,8,300.0,180.0,180.0,60.0,192193.19388778624,189837.44470429813,189846.16200539024,8,4,8,5,4,4,2355.7491834881075,2347.031882396026,1.240929673888921,1.2362809221970934,40,81,success,172.2261761368718,,
4,Launch products vs growth slope,1,2,4,0,0,1.0,0.8,0.975,40,0,73,False,8,300.0,180.0,180.0,60.0,192193.19388778624,189837.44470429813,189846.16200539024,8,4,8,5,4,4,2355.7491834881075,2347.031882396026,1.240929673888921,1.2362809221970934,40,81,success,190.21411401196383,,
4,Launch products vs growth slope,2,3,4,0,0,1.5,0.8,0.975,40,0,73,False,8,300.0,180.0,180.0,60.0,192193.19388778624,189837.44470429813,189846.16200539024,8,4,8,5,4,4,2355.7491834881075,2347.031882396026,1.240929673888921,1.2362809221970934,40,81,success,190.4815102829598,,
4,Launch products vs growth slope,3,4,4,0,0,2.0,0.8,0.975,40,0,73,False,8,300.0,180.0,180.0,60.0,192193.19388778624,189837.44470429813,189846.16200539024,8,4,8,5,4,4,2355.7491834881075,2347.031882396026,1.240929673888921,1.2362809221970934,40,81,success,176.74124666606076,,
4,Launch products vs growth slope,4,5,4,0,0,2.5,0.8,0.975,40,0,73,False,8,300.0,180.0,180.0,60.0,192193.19388778624,189837.44470429813,189846.16200539024,8,4,8,5,4,4,2355.7491834881075,2347.031882396026,1.240929673888921,1.2362809221970934,40,81,success,185.695094130002,,
4,Launch products vs growth slope,5,6,4,0,0,3.0,0.8,0.975,40,0,73,False,8,300.0,180.0,180.0,60.0,192193.19388778624,189837.44470429813,189846.16200539024,8,4,8,5,4,4,2355.7491834881075,2347.031882396026,1.240929673888921,1.2362809221970934,40,81,success,190.99421922606416,,
4,Launch products vs growth slope,6,7,4,0,0,3.5,0.8,0.975,40,0,73,False,8,300.0,180.0,180.0,60.0,192193.19388778624,189837.44470429813,189846.16200539024,8,4,8,5,4,4,2355.7491834881075,2347.031882396026,1.240929673888921,1.2362809221970934,40,81,success,189.4153393600136,,
4,Launch products vs growth slope,7,8,4,0,0,4.0,0.8,0.975,40,0,73,False,8,300.0,180.0,180.0,60.0,192193.19388778624,189837.44470429813,189846.16200539024,8,4,8,5,4,4,2355.7491834881075,2347.031882396026,1.240929673888921,1.2362809221970934,40,81,success,190.18590171798127,,
4,Launch products vs growth slope,8,9,3,1,0,0.5,0.8,0.975,40,0,73,False,8,300.0,180.0,180.0,60.0,173509.09061080182,150913.4652165868,150970.37373506345,8,8,8,5,4,4,22595.62539421502,22538.716875738377,14.972570778748212,14.929231688391637,40,81,success,359.94320578686893,,
4,Launch products vs growth slope,9,10,3,1,0,1.0,0.8,0.975,40,0,73,False,8,300.0,180.0,180.0,60.0,173159.40160148332,150903.46762317346,150957.1655645183,8,8,8,5,4,4,22255.93397830985,22202.236036964983,14.74845762582869,14.707639716165616,40,81,success,356.50813691387884,,
4,Launch products vs growth slope,10,11,3,1,0,1.5,0.8,0.975,40,0,73,False,8,300.0,180.0,180.0,60.0,172618.86978879737,150884.62221935063,150936.5947921536,8,8,8,5,4,4,21734.247569446718,21682.27499664377,14.404547825854808,14.365154471982905,40,81,success,359.7557937640231,,
4,Launch products vs growth slope,11,12,3,1,0,2.0,0.8,0.975,40,0,73,False,8,300.0,180.0,180.0,60.0,171902.7589670305,150849.6951566435,150888.59563619192,8,8,8,5,4,4,21053.06381038701,21014.16333083858,13.956318432414031,13.926939436500495,40,81,success,369.51704283896834,,
4,Launch products vs growth slope,12,13,3,1,0,2.5,0.8,0.975,40,0,73,False,8,300.0,180.0,180.0,60.0,171462.2062341766,150792.02256625617,150824.7466749272,9,8,8,5,4,4,20670.183667920443,20637.4595592494,13.707743497397692,13.683072582067282,40,81,success,362.3977876950521,,
4,Launch products vs growth slope,13,14,3,1,0,3.0,0.8,0.975,40,0,73,False,8,300.0,180.0,180.0,60.0,171066.9173793534,150697.1459204876,150744.53121263953,9,8,8,5,4,4,20369.771458865813,20322.38616671387,13.51702537857852,13.4813422438836,40,81,success,355.4817322699819,,
4,Launch products vs growth slope,14,15,3,1,0,3.5,0.8,0.975,40,0,73,False,8,300.0,180.0,180.0,60.0,170638.14738279957,150574.73986243745,150628.36140550114,9,8,8,5,4,4,20063.40752036212,20009.785977298423,13.324550677418877,13.284208757626198,40,81,success,363.4692770810798,,
4,Launch products vs growth slope,15,16,3,1,0,4.0,0.8,0.975,40,0,73,False,8,300.0,180.0,180.0,60.0,170174.38264433178,150437.7585432915,150480.01534150445,9,8,8,5,4,4,19736.624101040277,19694.367302827333,13.11946169110241,13.087696235365389,40,81,success,355.7641735689249,,
4,Launch products vs growth slope,16,17,2,2,0,0.5,0.8,0.975,40,0,73,False,8,300.0,180.0,180.0,60.0,150783.56690509542,104015.70995129144,101586.50539080652,9,8,8,6,5,4,46767.85695380397,49197.061514288886,44.96230134438776,48.42873699122361,40,81,success,385.82087763305753,,
4,Launch products vs growth slope,17,18,2,2,0,1.0,0.8,0.975,40,0,73,False,8,300.0,180.0,180.0,60.0,150122.36990857258,103632.9325520616,101586.50539080656,9,8,8,6,5,4,46489.437356510985,48535.86451776602,44.85971419669737,47.7778660965322,40,81,success,398.45829301606864,,
4,Launch products vs growth slope,18,19,2,2,0,1.5,0.8,0.975,40,0,73,False,8,300.0,180.0,180.0,60.0,149277.9877780049,103375.3409476292,101586.50539080672,9,8,8,6,5,4,45902.646830375685,47691.48238719816,44.40386499293902,46.94667092221296,40,81,success,389.6262710241135,,
4,Launch products vs growth slope,19,20,2,2,0,2.0,0.8,0.975,40,0,73,False,8,300.0,180.0,180.0,60.0,148181.2427051444,103006.888612457,101582.809355201,9,8,8,6,5,4,45174.3540926874,46598.4333499434,43.85566315146839,45.872361323464006,40,81,success,399.2237072370481,,
4,Launch products vs growth slope,20,21,2,2,0,2.5,0.8,0.975,40,0,73,False,8,300.0,180.0,180.0,60.0,146810.3621609446,102513.9832105423,101571.49421929364,9,8,8,6,5,4,44296.37895040232,45238.86794165097,43.210084676377086,44.53894105759624,40,81,success,436.66740441392176,,
4,Launch products vs growth slope,21,22,2,2,0,3.0,0.8,0.975,40,0,73,False,8,300.0,180.0,180.0,60.0,145773.24458894593,102344.3227079578,101532.70809381844,10,7,8,6,4,4,43428.92188098814,44240.53649512748,42.4341289598581,43.5726942831548,40,81,success,380.1021608689334,,
4,Launch products vs growth slope,22,23,2,2,0,3.5,0.8,0.975,40,0,73,False,8,300.0,180.0,180.0,60.0,145040.67888352537,102134.52454337532,101445.98055140609,12,7,8,6,4,4,42906.15434015004,43594.6983321193,42.00945227089034,42.9733125897762,40,81,success,366.7179876328446,,
4,Launch products vs growth slope,23,24,2,2,0,4.0,0.8,0.975,40,0,73,False,8,300.0,180.0,180.0,60.0,144141.17916363565,101782.96093412556,101319.16663984698,12,7,8,6,4,4,42358.218229510094,42822.01252378867,41.616217332215896,42.26447368641063,40,81,success,384.2293640738353,,
4,Launch products vs growth slope,24,25,1,3,0,0.5,0.8,0.975,40,0,73,False,8,300.0,180.0,180.0,60.0,132874.7251110804,55605.30648942164,52181.77373195914,9,7,8,6,5,4,77269.41862165876,80692.95137912125,138.9605120445807,154.6381918591246,40,81,success,483.4529287328478,,
4,Launch products vs growth slope,25,26,1,3,0,1.0,0.8,0.975,40,0,73,False,8,300.0,180.0,180.0,60.0,131818.1516039656,55240.47429034271,52181.773731959314,9,7,8,6,5,4,76577.6773136229,79636.3778720063,138.62603154189503,152.6133976991129,40,81,success,483.36440940294415,,
4,Launch products vs growth slope,26,27,1,3,0,1.5,0.8,0.975,40,0,73,False,8,300.0,180.0,180.0,60.0,130080.84195902832,55043.54126235112,52181.77373195943,9,7,8,6,5,4,75037.30069667721,77899.0682270689,136.32353401651773,149.28405582226992,40,81,success,483.4291773040313,,
4,Launch products vs growth slope,27,28,1,3,0,2.0,0.8,0.975,40,0,73,False,8,300.0,180.0,180.0,60.0,128521.82802858594,54722.0122114167,52181.77373195914,9,7,8,6,5,4,73799.81581716923,76340.0542966268,134.8631251571051,146.29639591931257,40,81,success,483.4928653431125,,
4,Launch products vs growth slope,28,29,1,3,0,2.5,0.8,0.975,40,0,73,False,8,300.0,180.0,180.0,60.0,126315.3938358415,54423.28806826426,52181.773731959605,10,8,8,6,5,4,71892.10576757725,74133.6201038819,132.09805640078469,142.06803410838737,40,81,success,483.4316078519914,,
4,Launch products vs growth slope,29,30,1,3,0,3.0,0.8,0.975,40,0,73,False,8,300.0,180.0,180.0,60.0,124518.8449959844,53854.765762351686,52170.22889300837,10,6,8,6,4,4,70664.07923363271,72348.61610297603,131.2123044884394,138.67797331568133,40,81,success,483.46217178506777,,
4,Launch products vs growth slope,30,31,1,3,0,3.5,0.8,0.975,40,0,73,False,8,300.0,180.0,180.0,60.0,122551.0402768294,53485.78035995457,52134.16729139621,11,6,8,6,4,4,69065.25991687481,70416.87298543318,129.12826446968094,135.0685675899425,40,81,success,435.1463803970255,,
4,Launch products vs growth slope,31,32,1,3,0,4.0,0.8,0.975,40,0,73,False,8,300.0,180.0,180.0,60.0,120318.92668759968,53144.0068354625,52054.85273355522,11,6,8,6,4,4,67174.91985213719,68264.07395404446,126.401684502479,131.1387322589438,40,81,success,421.5661999250297,,
4,Launch products vs growth slope,32,33,0,4,0,0.5,0.8,0.975,40,0,73,False,8,300.0,180.0,180.0,60.0,108522.61571112092,8008.770535246003,2777.0420731114573,10,8,8,7,6,4,100513.84517587491,105745.57363800946,1255.0471353064863,3807.849173834441,40,81,success,483.4079998931848,,
4,Launch products vs growth slope,33,34,0,4,0,1.0,0.8,0.975,40,0,73,False,8,300.0,180.0,180.0,60.0,107714.85880768191,7613.920351223322,2777.0420731118065,10,8,8,7,6,4,100100.9384564586,104937.81673457012,1314.709556166758,3778.762221523793,40,81,success,483.3745489791036,,
4,Launch products vs growth slope,34,35,0,4,0,1.5,0.8,0.975,40,0,73,False,8,300.0,180.0,180.0,60.0,105688.31759405156,6898.364799107716,2777.0420731114864,10,8,8,7,6,4,98789.95279494383,102911.27552094008,1432.0778281792527,3705.787410186228,40,81,success,483.3821296740789,,
4,Launch products vs growth slope,35,36,0,4,0,2.0,0.8,0.975,40,0,73,False,8,300.0,180.0,180.0,60.0,103552.869516816,6578.188625384908,2777.042073111632,9,4,8,6,4,4,96974.68089143108,100775.82744370436,1474.185165764486,3628.890913085325,40,81,success,483.3214571829885,,
4,Launch products vs growth slope,36,37,0,4,0,2.5,0.8,0.975,40,0,73,False,8,300.0,180.0,180.0,60.0,101529.47110353288,6578.188625384908,2777.042073111661,9,4,8,6,4,4,94951.28247814796,98752.42903042122,1443.4259624562242,3556.0292725334784,40,81,success,483.3143339420203,,
4,Launch products vs growth slope,37,38,0,4,0,3.0,0.8,0.975,40,0,73,False,8,300.0,180.0,180.0,60.0,98978.13943328048,6440.089396181895,2777.0420731118065,11,4,8,6,4,4,92538.05003709858,96201.09736016869,1436.9062965486344,3464.1569996946723,40,81,success,334.5280480340589,,
4,Launch products vs growth slope,38,39,0,4,0,3.5,0.8,0.975,40,0,73,False,8,300.0,180.0,180.0,60.0,96667.5076234047,5946.842589643493,2755.7158153524506,12,4,8,6,4,4,90720.6650337612,93911.79180805224,1525.5265910645169,3407.891019997689,40,81,success,322.31941696908325,,
4,Launch products vs growth slope,39,40,0,4,0,4.0,0.8,0.975,40,0,73,False,8,300.0,180.0,180.0,60.0,94081.0085656376,4991.147121144808,2712.650811059779,12,4,8,6,4,4,89089.8614444928,91368.35775457782,1784.9576316247408,3368.2314502868885,40,81,success,350.46888191392645,,
