analysis,analysis_name,analysis_task_index,run_id,established_products,launch_products,decline_products,growth_demand_level,availability,probability_launch,n_scenarios_sampled,seed,capacity_seed,evaluation_include_no_launch,solver_threads,time_limit_multi,time_limit_single,time_limit_long,time_limit_evaluation,multi_profit,single_profit,long_profit,n_arcs_multi,n_arcs_single,n_arcs_long,multi_machines,single_machines,n_machines_long,VMPSP,VMPLC,percent_vmpsp,percent_vmplc,planning_scenarios,evaluation_scenarios,status,runtime_seconds,error_type,error_message
3,Launch products vs growth demand level,0,1,4,0,0,30,0.8,0.975,40,0,73,False,8,300.0,180.0,180.0,60.0,192193.19388778624,189837.44470429813,189846.16200539024,8,4,8,5,4,4,2355.7491834881075,2347.031882396026,1.240929673888921,1.2362809221970934,40,81,success,201.59833503700796,,
3,Launch products vs growth demand level,1,2,4,0,0,35,0.8,0.975,40,0,73,False,8,300.0,180.0,180.0,60.0,192193.19388778624,189837.44470429813,189846.16200539024,8,4,8,5,4,4,2355.7491834881075,2347.031882396026,1.240929673888921,1.2362809221970934,40,81,success,166.77941838186234,,
3,Launch products vs growth demand level,2,3,4,0,0,40,0.8,0.975,40,0,73,False,8,300.0,180.0,180.0,60.0,192193.19388778624,189837.44470429813,189846.16200539024,8,4,8,5,4,4,2355.7491834881075,2347.031882396026,1.240929673888921,1.2362809221970934,40,81,success,169.95260714995675,,
3,Launch products vs growth demand level,3,4,4,0,0,45,0.8,0.975,40,0,73,False,8,300.0,180.0,180.0,60.0,192193.19388778624,189837.44470429813,189846.16200539024,8,4,8,5,4,4,2355.7491834881075,2347.031882396026,1.240929673888921,1.2362809221970934,40,81,success,169.9024187962059,,
3,Launch products vs growth demand level,4,5,4,0,0,50,0.8,0.975,40,0,73,False,8,300.0,180.0,180.0,60.0,192193.19388778624,189837.44470429813,189846.16200539024,8,4,8,5,4,4,2355.7491834881075,2347.031882396026,1.240929673888921,1.2362809221970934,40,81,success,176.28386393398978,,
3,Launch products vs growth demand level,5,6,4,0,0,55,0.8,0.975,40,0,73,False,8,300.0,180.0,180.0,60.0,192193.19388778624,189837.44470429813,189846.16200539024,8,4,8,5,4,4,2355.7491834881075,2347.031882396026,1.240929673888921,1.2362809221970934,40,81,success,170.8419611109421,,
3,Launch products vs growth demand level,6,7,4,0,0,60,0.8,0.975,40,0,73,False,8,300.0,180.0,180.0,60.0,192193.19388778624,189837.44470429813,189846.16200539024,8,4,8,5,4,4,2355.7491834881075,2347.031882396026,1.240929673888921,1.2362809221970934,40,81,success,188.1297992649488,,
3,Launch products vs growth demand level,7,8,3,1,0,30,0.8,0.975,40,0,73,False,8,300.0,180.0,180.0,60.0,160218.94163022583,149558.6199083699,149618.56366033963,9,8,8,5,4,4,10660.32172185593,10600.377969886204,7.127855103495332,7.084934991055604,40,81,success,344.38924752292223,,
3,Launch products vs growth demand level,8,9,3,1,0,35,0.8,0.975,40,0,73,False,8,300.0,180.0,180.0,60.0,164366.59577274884,150265.17137453536,150333.26524792245,9,8,8,5,4,4,14101.42439821348,14033.330524826391,9.384359841486976,9.334813889449746,40,81,success,345.810648499988,,
3,Launch products vs growth demand level,9,10,3,1,0,40,0.8,0.975,40,0,73,False,8,300.0,180.0,180.0,60.0,168230.0060753791,150657.65294515225,150712.01781693395,8,8,8,5,4,4,17572.35313022684,17517.98825844514,11.6637640283857,11.623484651186738,40,81,success,359.75099308788776,,
3,Launch products vs growth demand level,10,11,3,1,0,45,0.8,0.975,40,0,73,False,8,300.0,180.0,180.0,60.0,171902.75896703074,150849.6951566435,150888.59563619192,8,8,8,5,4,4,21053.063810387248,21014.16333083881,13.95631843241419,13.926939436500648,40,81,success,369.5989899309352,,
3,Launch products vs growth demand level,11,12,3,1,0,50,0.8,0.975,40,0,73,False,8,300.0,180.0,180.0,60.0,174849.0227933772,150910.14168622028,150962.26881524056,9,8,8,5,4,4,23938.88110715692,23886.75397813664,15.8630035328784,15.82299614705123,40,81,success,354.8544488539919,,
3,Launch products vs growth demand level,12,13,3,1,0,55,0.8,0.975,40,0,73,False,8,300.0,180.0,180.0,60.0,176784.7418117624,150925.85834152155,150982.74434306467,9,8,8,5,4,4,25858.883470240835,25801.99746869772,17.13350101460164,17.08936844469467,40,81,success,371.3466814549174,,
3,Launch products vs growth demand level,13,14,3,1,0,60,0.8,0.975,40,0,73,False,8,300.0,180.0,180.0,60.0,180365.97982824303,151577.10722800842,150991.23704965514,9,9,8,6,5,4,28788.87260023461,29374.742778587883,18.992889577269224,19.45460104345504,40,81,success,367.8006630700547,,
3,Launch products vs growth demand level,14,15,2,2,0,30,0.8,0.975,40,0,73,False,8,300.0,180.0,180.0,60.0,128834.66551525316,100983.1103240599,100118.89881188211,8,6,8,4,3,4,27851.55519119327,28715.76670337105,27.58040933955809,28.681664544999023,40,81,success,343.57636199402623,,
3,Launch products vs growth demand level,15,16,2,2,0,35,0.8,0.975,40,0,73,False,8,300.0,180.0,180.0,60.0,136189.726526351,101768.87593051176,101243.78110920772,9,7,8,5,4,4,34420.850595839234,34945.94541714329,33.822571273502064,34.5166340433774,40,81,success,381.6049479709473,,
3,Launch products vs growth demand level,16,17,2,2,0,40,0.8,0.975,40,0,73,False,8,300.0,180.0,180.0,60.0,143649.0503471485,102348.99476206064,101541.81547992885,8,7,8,5,4,4,41300.05558508786,42107.23486721967,40.3521848759742,41.467876724680735,40,81,success,406.68247107602656,,
3,Launch products vs growth demand level,17,18,2,2,0,45,0.8,0.975,40,0,73,False,8,300.0,180.0,180.0,60.0,148181.2427051444,103006.888612457,101582.809355201,9,8,8,6,5,4,45174.3540926874,46598.4333499434,43.85566315146839,45.872361323464006,40,81,success,391.13581976806745,,
3,Launch products vs growth demand level,18,19,2,2,0,50,0.8,0.975,40,0,73,False,8,300.0,180.0,180.0,60.0,156186.33437737677,104202.93234167687,101586.50539080672,10,8,8,6,5,4,51983.402035699895,54599.82898657004,49.88669787645571,53.74712790495415,40,81,success,364.72187641006894,,
3,Launch products vs growth demand level,19,20,2,2,0,55,0.8,0.975,40,0,73,False,8,300.0,180.0,180.0,60.0,162387.9443913484,104419.51924325316,101586.50539080676,10,8,8,6,5,4,57968.42514809524,60801.43900054164,55.51493204355155,59.851885608857614,40,81,success,420.31848997203633,,
3,Launch products vs growth demand level,20,21,2,2,0,60,0.8,0.975,40,0,73,False,8,300.0,180.0,180.0,60.0,168463.85259986226,104444.11380985126,101586.50539080704,10,8,8,7,5,4,64019.73879001101,66877.34720905524,61.29568862689953,65.83290462820393,40,81,success,483.5057633821853,,
3,Launch products vs growth demand level,21,22,1,3,0,30,0.8,0.975,40,0,73,False,8,300.0,180.0,180.0,60.0,97268.5662780794,51489.908301376025,50581.60019148918,8,6,8,4,3,4,45778.65797670337,46686.96608659021,88.90802001191362,92.30029479068502,40,81,success,420.91074892599136,,
3,Launch products vs growth demand level,22,23,1,3,0,35,0.8,0.975,40,0,73,False,8,300.0,180.0,180.0,60.0,108418.58526293108,53086.36321876579,51986.97502889478,9,6,8,5,4,4,55332.22204416528,56431.610234036285,104.23057578109923,108.54951687931668,40,81,success,461.5312593919225,,
3,Launch products vs growth demand level,23,24,1,3,0,40,0.8,0.975,40,0,73,False,8,300.0,180.0,180.0,60.0,116079.10470414384,53930.467599344585,52174.68684429463,8,5,8,5,4,4,62148.63710479924,63904.4178598492,115.23845401547108,122.48165101701464,40,81,success,421.91116315778345,,
3,Launch products vs growth demand level,24,25,1,3,0,45,0.8,0.975,40,0,73,False,8,300.0,180.0,180.0,60.0,128521.82802858594,54722.0122114167,52181.77373195914,9,7,8,6,5,4,73799.81581716923,76340.0542966268,134.8631251571051,146.29639591931257,40,81,success,483.4421079540625,,
3,Launch products vs growth demand level,25,26,1,3,0,50,0.8,0.975,40,0,73,False,8,300.0,180.0,180.0,60.0,135844.49284228042,55669.75154629929,52181.773731958936,11,7,8,7,5,4,80174.74129598113,83662.71911032149,144.01850029688313,160.3293892232757,40,81,success,483.46092654415406,,
3,Launch products vs growth demand level,26,27,1,3,0,55,0.8,0.975,40,0,73,False,8,300.0,180.0,180.0,60.0,147635.0786342104,56365.72295439249,52181.773731959314,11,9,8,7,6,4,91269.3556798179,95453.30490225108,161.92350757865233,182.92460772330864,40,81,success,483.459967603907,,
3,Launch products vs growth demand level,27,28,1,3,0,60,0.8,0.975,40,0,73,False,8,300.0,180.0,180.0,60.0,156135.08789957076,57025.835234445374,52181.7737319592,11,8,8,8,7,4,99109.2526651254,103953.31416761156,173.79710837669646,199.2138379610972,40,81,success,483.42398642003536,,
3,Launch products vs growth demand level,28,29,0,4,0,30,0.8,0.975,40,0,73,False,8,300.0,180.0,180.0,60.0,65804.29841475782,1814.2880391072688,1045.1993219186843,8,6,8,4,3,4,63990.01037565056,64759.09909283914,3527.003926407255,6195.86118501877,40,81,success,483.4298763528932,,
3,Launch products vs growth demand level,29,30,0,4,0,35,0.8,0.975,40,0,73,False,8,300.0,180.0,180.0,60.0,79558.66825186249,5220.461796397838,2677.383252140833,8,4,8,5,4,4,74338.20645546465,76881.28499972165,1423.9775972838002,2871.50840053427,40,81,success,320.66513592610136,,
3,Launch products vs growth demand level,30,31,0,4,0,40,0.8,0.975,40,0,73,False,8,300.0,180.0,180.0,60.0,92603.08773608351,6517.838429429568,2777.0420731117774,9,4,8,6,4,4,86085.24930665395,89826.04566297174,1320.763781408862,3234.594338079954,40,81,success,321.97910986305214,,
3,Launch products vs growth demand level,31,32,0,4,0,45,0.8,0.975,40,0,73,False,8,300.0,180.0,180.0,60.0,103552.869516816,6578.188625384908,2777.042073111632,9,4,8,6,4,4,96974.68089143108,100775.82744370436,1474.185165764486,3628.890913085325,40,81,success,483.37930235406384,,
3,Launch products vs growth demand level,32,33,0,4,0,50,0.8,0.975,40,0,73,False,8,300.0,180.0,180.0,60.0,118870.1318841643,7777.620539876632,2777.042073111603,10,8,8,7,6,4,111092.51134428766,116093.08981105268,1428.3611648923386,4180.458442999872,40,81,success,483.40706488490105,,
3,Launch products vs growth demand level,33,34,0,4,0,55,0.8,0.975,40,0,73,False,8,300.0,180.0,180.0,60.0,132297.82954060598,8597.343143011414,2777.042073111952,12,10,8,8,7,4,123700.48639759456,129520.78746749402,1438.822254037259,4663.983622054134,40,81,success,483.5026295739226,,
3,Launch products vs growth demand level,34,35,0,4,0,60,0.8,0.975,40,0,73,False,8,300.0,180.0,180.0,60.0,140838.782300314,10346.59967438114,2777.042073111661,12,8,8,8,8,4,130492.18262593284,138061.74022720233,1261.208384712516,4971.539378678008,40,81,success,483.41824148618616,,
