Analysis,Analysis Name,Analysis Task Index,Run Id,Established Products,Launch Products,Decline Products,Growth Slope,Availability,Probability Launch,N Scenarios Sampled,Seed,Capacity Seed,Evaluation Include No Launch,Solver Threads,Time Limit Multi,Time Limit Single,Time Limit Long,Time Limit Evaluation,Multi Profit,Single Profit,Long Profit,N Arcs Multi,N Arcs Single,N Arcs Long,Multi Machines,Single Machines,N Machines Long,VMPSP,VMPLC,Percent Vmpsp,Percent Vmplc,Planning Scenarios,Evaluation Scenarios,Status,Runtime Seconds,Error Type,Error Message,Growth Demand Level,Launch Time,Net Revenue,Decline Slope,Decline Demand Level,Competition Time,Number of Arcs Multi-Period,Number of Arcs Start-Period,Number of Arcs Long-Chain,Number Of Machines Multi-Period,Number Of Machines Start-Period,Number Of Machines Long-Chain,Decline Time,Unit Operating Profit
4,Launch products vs growth slope,0,1,4,0,0,0.5,0.8,0.975,40,0,73,False,8,300.0,180.0,180.0,60.0,192193.19388778624,189837.44470429813,189846.16200539024,8,4,8,5,4,4,2355.7491834881075,2347.031882395997,1.240929673888921,1.2362809221970934,40,81,success,172.2261761368718,,,45,3,300,0.5,15,3,8,4,8,5,4,4,3,300
4,Launch products vs growth slope,1,2,4,0,0,1.0,0.8,0.975,40,0,73,False,8,300.0,180.0,180.0,60.0,192193.19388778624,189837.44470429813,189846.16200539024,8,4,8,5,4,4,2355.7491834881075,2347.031882395997,1.240929673888921,1.2362809221970934,40,81,success,190.21411401196383,,,45,3,300,0.5,15,3,8,4,8,5,4,4,3,300
4,Launch products vs growth slope,2,3,4,0,0,1.5,0.8,0.975,40,0,73,False,8,300.0,180.0,180.0,60.0,192193.19388778624,189837.44470429813,189846.16200539024,8,4,8,5,4,4,2355.7491834881075,2347.031882395997,1.240929673888921,1.2362809221970934,40,81,success,190.4815102829598,,,45,3,300,0.5,15,3,8,4,8,5,4,4,3,300
4,Launch products vs growth slope,3,4,4,0,0,2.0,0.8,0.975,40,0,73,False,8,300.0,180.0,180.0,60.0,192193.19388778624,189837.44470429813,189846.16200539024,8,4,8,5,4,4,2355.7491834881075,2347.031882395997,1.240929673888921,1.2362809221970934,40,81,success,176.74124666606076,,,45,3,300,0.5,15,3,8,4,8,5,4,4,3,300
4,Launch products vs growth slope,4,5,4,0,0,2.5,0.8,0.975,40,0,73,False,8,300.0,180.0,180.0,60.0,192193.19388778624,189837.44470429813,189846.16200539024,8,4,8,5,4,4,2355.7491834881075,2347.031882395997,1.240929673888921,1.2362809221970934,40,81,success,185.695094130002,,,45,3,300,0.5,15,3,8,4,8,5,4,4,3,300
4,Launch products vs growth slope,5,6,4,0,0,3.0,0.8,0.975,40,0,73,False,8,300.0,180.0,180.0,60.0,192193.19388778624,189837.44470429813,189846.16200539024,8,4,8,5,4,4,2355.7491834881075,2347.031882395997,1.240929673888921,1.2362809221970934,40,81,success,190.99421922606416,,,45,3,300,0.5,15,3,8,4,8,5,4,4,3,300
4,Launch products vs growth slope,6,7,4,0,0,3.5,0.8,0.975,40,0,73,False,8,300.0,180.0,180.0,60.0,192193.19388778624,189837.44470429813,189846.16200539024,8,4,8,5,4,4,2355.7491834881075,2347.031882395997,1.240929673888921,1.2362809221970934,40,81,success,189.4153393600136,,,45,3,300,0.5,15,3,8,4,8,5,4,4,3,300
4,Launch products vs growth slope,7,8,4,0,0,4.0,0.8,0.975,40,0,73,False,8,300.0,180.0,180.0,60.0,192193.19388778624,189837.44470429813,189846.16200539024,8,4,8,5,4,4,2355.7491834881075,2347.031882395997,1.240929673888921,1.2362809221970934,40,81,success,190.18590171798127,,,45,3,300,0.5,15,3,8,4,8,5,4,4,3,300
4,Launch products vs growth slope,8,9,3,1,0,0.5,0.8,0.975,40,0,73,False,8,300.0,180.0,180.0,60.0,173509.09061080182,150913.4652165868,150970.37373506345,8,8,8,5,4,4,22595.62539421502,22538.716875738377,14.972570778748212,14.929231688391637,40,81,success,359.94320578686893,,,45,3,300,0.5,15,3,8,8,8,5,4,4,3,300
4,Launch products vs growth slope,9,10,3,1,0,1.0,0.8,0.975,40,0,73,False,8,300.0,180.0,180.0,60.0,173159.40160148332,150903.46762317346,150957.1655645183,8,8,8,5,4,4,22255.933978309855,22202.236036965012,14.74845762582869,14.707639716165616,40,81,success,356.50813691387884,,,45,3,300,0.5,15,3,8,8,8,5,4,4,3,300
4,Launch products vs growth slope,10,11,3,1,0,1.5,0.8,0.975,40,0,73,False,8,300.0,180.0,180.0,60.0,172618.86978879737,150884.62221935063,150936.5947921536,8,8,8,5,4,4,21734.247569446743,21682.27499664377,14.404547825854808,14.365154471982905,40,81,success,359.7557937640231,,,45,3,300,0.5,15,3,8,8,8,5,4,4,3,300
4,Launch products vs growth slope,11,12,3,1,0,2.0,0.8,0.975,40,0,73,False,8,300.0,180.0,180.0,60.0,171902.7589670305,150849.6951566435,150888.59563619192,8,8,8,5,4,4,21053.063810387015,21014.16333083858,13.956318432414031,13.926939436500495,40,81,success,369.51704283896834,,,45,3,300,0.5,15,3,8,8,8,5,4,4,3,300
4,Launch products vs growth slope,12,13,3,1,0,2.5,0.8,0.975,40,0,73,False,8,300.0,180.0,180.0,60.0,171462.2062341766,150792.02256625617,150824.7466749272,9,8,8,5,4,4,20670.183667920443,20637.4595592494,13.707743497397692,13.683072582067282,40,81,success,362.3977876950521,,,45,3,300,0.5,15,3,9,8,8,5,4,4,3,300
4,Launch products vs growth slope,13,14,3,1,0,3.0,0.8,0.975,40,0,73,False,8,300.0,180.0,180.0,60.0,171066.9173793534,150697.1459204876,150744.53121263953,9,8,8,5,4,4,20369.771458865813,20322.38616671387,13.51702537857852,13.4813422438836,40,81,success,355.4817322699819,,,45,3,300,0.5,15,3,9,8,8,5,4,4,3,300
4,Launch products vs growth slope,14,15,3,1,0,3.5,0.8,0.975,40,0,73,False,8,300.0,180.0,180.0,60.0,170638.14738279957,150574.73986243745,150628.36140550114,9,8,8,5,4,4,20063.407520362118,20009.785977298423,13.324550677418877,13.284208757626198,40,81,success,363.4692770810798,,,45,3,300,0.5,15,3,9,8,8,5,4,4,3,300
4,Launch products vs growth slope,15,16,3,1,0,4.0,0.8,0.975,40,0,73,False,8,300.0,180.0,180.0,60.0,170174.38264433178,150437.7585432915,150480.01534150445,9,8,8,5,4,4,19736.624101040274,19694.367302827333,13.11946169110241,13.087696235365389,40,81,success,355.7641735689249,,,45,3,300,0.5,15,3,9,8,8,5,4,4,3,300
4,Launch products vs growth slope,16,17,2,2,0,0.5,0.8,0.975,40,0,73,False,8,300.0,180.0,180.0,60.0,150783.56690509542,104015.70995129144,101586.50539080652,9,8,8,6,5,4,46767.856953803974,49197.0615142889,44.96230134438776,48.42873699122361,40,81,success,385.82087763305753,,,45,3,300,0.5,15,3,9,8,8,6,5,4,3,300
4,Launch products vs growth slope,17,18,2,2,0,1.0,0.8,0.975,40,0,73,False,8,300.0,180.0,180.0,60.0,150122.36990857258,103632.9325520616,101586.50539080656,9,8,8,6,5,4,46489.437356510985,48535.86451776602,44.85971419669737,47.7778660965322,40,81,success,398.45829301606864,,,45,3,300,0.5,15,3,9,8,8,6,5,4,3,300
4,Launch products vs growth slope,18,19,2,2,0,1.5,0.8,0.975,40,0,73,False,8,300.0,180.0,180.0,60.0,149277.9877780049,103375.3409476292,101586.50539080672,9,8,8,6,5,4,45902.6468303757,47691.48238719818,44.40386499293902,46.94667092221296,40,81,success,389.6262710241135,,,45,3,300,0.5,15,3,9,8,8,6,5,4,3,300
4,Launch products vs growth slope,19,20,2,2,0,2.0,0.8,0.975,40,0,73,False,8,300.0,180.0,180.0,60.0,148181.2427051444,103006.888612457,101582.809355201,9,8,8,6,5,4,45174.3540926874,46598.4333499434,43.85566315146839,45.872361323464006,40,81,success,399.2237072370481,,,45,3,300,0.5,15,3,9,8,8,6,5,4,3,300
4,Launch products vs growth slope,20,21,2,2,0,2.5,0.8,0.975,40,0,73,False,8,300.0,180.0,180.0,60.0,146810.3621609446,102513.9832105423,101571.49421929364,9,8,8,6,5,4,44296.378950402315,45238.86794165097,43.210084676377086,44.53894105759624,40,81,success,436.66740441392176,,,45,3,300,0.5,15,3,9,8,8,6,5,4,3,300
4,Launch products vs growth slope,21,22,2,2,0,3.0,0.8,0.975,40,0,73,False,8,300.0,180.0,180.0,60.0,145773.24458894593,102344.3227079578,101532.70809381844,10,7,8,6,4,4,43428.92188098813,44240.5364951275,42.4341289598581,43.5726942831548,40,81,success,380.1021608689334,,,45,3,300,0.5,15,3,10,7,8,6,4,4,3,300
4,Launch products vs growth slope,22,23,2,2,0,3.5,0.8,0.975,40,0,73,False,8,300.0,180.0,180.0,60.0,145040.67888352537,102134.52454337532,101445.98055140609,12,7,8,6,4,4,42906.15434015005,43594.69833211928,42.00945227089034,42.9733125897762,40,81,success,366.7179876328446,,,45,3,300,0.5,15,3,12,7,8,6,4,4,3,300
4,Launch products vs growth slope,23,24,2,2,0,4.0,0.8,0.975,40,0,73,False,8,300.0,180.0,180.0,60.0,144141.17916363565,101782.96093412556,101319.16663984698,12,7,8,6,4,4,42358.218229510094,42822.01252378867,41.616217332215896,42.26447368641063,40,81,success,384.2293640738353,,,45,3,300,0.5,15,3,12,7,8,6,4,4,3,300
4,Launch products vs growth slope,24,25,1,3,0,0.5,0.8,0.975,40,0,73,False,8,300.0,180.0,180.0,60.0,132874.7251110804,55605.30648942164,52181.77373195914,9,7,8,6,5,4,77269.41862165876,80692.95137912125,138.9605120445807,154.6381918591246,40,81,success,483.4529287328478,,,45,3,300,0.5,15,3,9,7,8,6,5,4,3,300
4,Launch products vs growth slope,25,26,1,3,0,1.0,0.8,0.975,40,0,73,False,8,300.0,180.0,180.0,60.0,131818.1516039656,55240.47429034271,52181.773731959314,9,7,8,6,5,4,76577.6773136229,79636.3778720063,138.62603154189503,152.6133976991129,40,81,success,483.36440940294415,,,45,3,300,0.5,15,3,9,7,8,6,5,4,3,300
4,Launch products vs growth slope,26,27,1,3,0,1.5,0.8,0.975,40,0,73,False,8,300.0,180.0,180.0,60.0,130080.84195902832,55043.54126235112,52181.77373195943,9,7,8,6,5,4,75037.3006966772,77899.06822706888,136.32353401651773,149.28405582226992,40,81,success,483.4291773040313,,,45,3,300,0.5,15,3,9,7,8,6,5,4,3,300
4,Launch products vs growth slope,27,28,1,3,0,2.0,0.8,0.975,40,0,73,False,8,300.0,180.0,180.0,60.0,128521.82802858594,54722.0122114167,52181.77373195914,9,7,8,6,5,4,73799.81581716923,76340.0542966268,134.8631251571051,146.29639591931257,40,81,success,483.4928653431125,,,45,3,300,0.5,15,3,9,7,8,6,5,4,3,300
4,Launch products vs growth slope,28,29,1,3,0,2.5,0.8,0.975,40,0,73,False,8,300.0,180.0,180.0,60.0,126315.3938358415,54423.28806826426,52181.773731959605,10,8,8,6,5,4,71892.10576757725,74133.6201038819,132.09805640078469,142.06803410838737,40,81,success,483.4316078519914,,,45,3,300,0.5,15,3,10,8,8,6,5,4,3,300
4,Launch products vs growth slope,29,30,1,3,0,3.0,0.8,0.975,40,0,73,False,8,300.0,180.0,180.0,60.0,124518.8449959844,53854.765762351686,52170.22889300837,10,6,8,6,4,4,70664.07923363271,72348.61610297603,131.2123044884394,138.67797331568133,40,81,success,483.46217178506777,,,45,3,300,0.5,15,3,10,6,8,6,4,4,3,300
4,Launch products vs growth slope,30,31,1,3,0,3.5,0.8,0.975,40,0,73,False,8,300.0,180.0,180.0,60.0,122551.0402768294,53485.78035995457,52134.16729139621,11,6,8,6,4,4,69065.25991687483,70416.87298543319,129.12826446968094,135.0685675899425,40,81,success,435.1463803970255,,,45,3,300,0.5,15,3,11,6,8,6,4,4,3,300
4,Launch products vs growth slope,31,32,1,3,0,4.0,0.8,0.975,40,0,73,False,8,300.0,180.0,180.0,60.0,120318.92668759968,53144.0068354625,52054.85273355522,11,6,8,6,4,4,67174.91985213719,68264.07395404446,126.401684502479,131.1387322589438,40,81,success,421.5661999250297,,,45,3,300,0.5,15,3,11,6,8,6,4,4,3,300
4,Launch products vs growth slope,32,33,0,4,0,0.5,0.8,0.975,40,0,73,False,8,300.0,180.0,180.0,60.0,108522.61571112092,8008.770535246003,2777.0420731114573,10,8,8,7,6,4,100513.84517587491,105745.57363800946,1255.0471353064863,3807.849173834441,40,81,success,483.4079998931848,,,45,3,300,0.5,15,3,10,8,8,7,6,4,3,300
4,Launch products vs growth slope,33,34,0,4,0,1.0,0.8,0.975,40,0,73,False,8,300.0,180.0,180.0,60.0,107714.85880768191,7613.920351223322,2777.0420731118065,10,8,8,7,6,4,100100.93845645859,104937.81673457011,1314.709556166758,3778.762221523793,40,81,success,483.3745489791036,,,45,3,300,0.5,15,3,10,8,8,7,6,4,3,300
4,Launch products vs growth slope,34,35,0,4,0,1.5,0.8,0.975,40,0,73,False,8,300.0,180.0,180.0,60.0,105688.31759405156,6898.364799107716,2777.0420731114864,10,8,8,7,6,4,98789.95279494385,102911.27552094008,1432.0778281792527,3705.787410186228,40,81,success,483.3821296740789,,,45,3,300,0.5,15,3,10,8,8,7,6,4,3,300
4,Launch products vs growth slope,35,36,0,4,0,2.0,0.8,0.975,40,0,73,False,8,300.0,180.0,180.0,60.0,103552.869516816,6578.188625384908,2777.042073111632,9,4,8,6,4,4,96974.6808914311,100775.82744370437,1474.185165764486,3628.890913085325,40,81,success,483.3214571829885,,,45,3,300,0.5,15,3,9,4,8,6,4,4,3,300
4,Launch products vs growth slope,36,37,0,4,0,2.5,0.8,0.975,40,0,73,False,8,300.0,180.0,180.0,60.0,101529.47110353288,6578.188625384908,2777.042073111661,9,4,8,6,4,4,94951.28247814797,98752.42903042122,1443.4259624562242,3556.0292725334784,40,81,success,483.3143339420203,,,45,3,300,0.5,15,3,9,4,8,6,4,4,3,300
4,Launch products vs growth slope,37,38,0,4,0,3.0,0.8,0.975,40,0,73,False,8,300.0,180.0,180.0,60.0,98978.13943328048,6440.089396181895,2777.0420731118065,11,4,8,6,4,4,92538.05003709858,96201.09736016867,1436.9062965486344,3464.1569996946723,40,81,success,334.5280480340589,,,45,3,300,0.5,15,3,11,4,8,6,4,4,3,300
4,Launch products vs growth slope,38,39,0,4,0,3.5,0.8,0.975,40,0,73,False,8,300.0,180.0,180.0,60.0,96667.5076234047,5946.842589643493,2755.7158153524506,12,4,8,6,4,4,90720.66503376121,93911.79180805225,1525.5265910645169,3407.891019997689,40,81,success,322.31941696908325,,,45,3,300,0.5,15,3,12,4,8,6,4,4,3,300
4,Launch products vs growth slope,39,40,0,4,0,4.0,0.8,0.975,40,0,73,False,8,300.0,180.0,180.0,60.0,94081.0085656376,4991.147121144808,2712.650811059779,12,4,8,6,4,4,89089.8614444928,91368.35775457782,1784.9576316247408,3368.2314502868885,40,81,success,350.46888191392645,,,45,3,300,0.5,15,3,12,4,8,6,4,4,3,300
5,Launch products vs launch time,0,1,4,0,0,0.5,0.8,0.975,40,0,73,False,8,300.0,180.0,180.0,60.0,192193.19388778624,189837.44470429813,189846.16200539024,8,4,8,5,4,4,2355.7491834881075,2347.031882395997,1.240929673888921,1.2362809221970934,40,81,success,165.84105339599773,,,45,1,300,0.5,15,3,8,4,8,5,4,4,3,300
5,Launch products vs launch time,1,2,4,0,0,0.5,0.8,0.975,40,0,73,False,8,300.0,180.0,180.0,60.0,192193.19388778624,189837.44470429813,189846.16200539024,8,4,8,5,4,4,2355.7491834881075,2347.031882395997,1.240929673888921,1.2362809221970934,40,81,success,168.41815659799613,,,45,2,300,0.5,15,3,8,4,8,5,4,4,3,300
5,Launch products vs launch time,2,3,4,0,0,0.5,0.8,0.975,40,0,73,False,8,300.0,180.0,180.0,60.0,192193.19388778624,189837.44470429813,189846.16200539024,8,4,8,5,4,4,2355.7491834881075,2347.031882395997,1.240929673888921,1.2362809221970934,40,81,success,184.8328279410489,,,45,3,300,0.5,15,3,8,4,8,5,4,4,3,300
5,Launch products vs launch time,3,4,4,0,0,0.5,0.8,0.975,40,0,73,False,8,300.0,180.0,180.0,60.0,192193.19388778624,189837.44470429813,189846.16200539024,8,4,8,5,4,4,2355.7491834881075,2347.031882395997,1.240929673888921,1.2362809221970934,40,81,success,165.3331811010139,,,45,4,300,0.5,15,3,8,4,8,5,4,4,3,300
5,Launch products vs launch time,4,5,4,0,0,0.5,0.8,0.975,40,0,73,False,8,300.0,180.0,180.0,60.0,192193.19388778624,189837.44470429813,189846.16200539024,8,4,8,5,4,4,2355.7491834881075,2347.031882395997,1.240929673888921,1.2362809221970934,40,81,success,164.2086798789678,,,45,5,300,0.5,15,3,8,4,8,5,4,4,3,300
5,Launch products vs launch time,5,6,3,1,0,0.5,0.8,0.975,40,0,73,False,8,300.0,180.0,180.0,60.0,176676.46209723217,167649.63983751918,159939.90787757,8,8,8,5,5,4,9026.822259712993,16736.554219662183,5.384337400582256,10.464276515948477,40,81,success,363.9417272430146,,,45,1,300,0.5,15,3,8,8,8,5,5,4,3,300
5,Launch products vs launch time,6,7,3,1,0,0.5,0.8,0.975,40,0,73,False,8,300.0,180.0,180.0,60.0,174330.24110045034,156847.0785285436,155296.27805761085,8,8,8,5,5,4,17483.162571906723,19033.96304283949,11.14662940229714,12.25654811622619,40,81,success,362.5356649319874,,,45,2,300,0.5,15,3,8,8,8,5,5,4,3,300
5,Launch products vs launch time,7,8,3,1,0,0.5,0.8,0.975,40,0,73,False,8,300.0,180.0,180.0,60.0,171902.7589670305,150849.6951566435,150888.59563619192,8,8,8,5,4,4,21053.063810387015,21014.16333083858,13.956318432414031,13.926939436500495,40,81,success,366.42111381096765,,,45,3,300,0.5,15,3,8,8,8,5,4,4,3,300
5,Launch products vs launch time,8,9,3,1,0,0.5,0.8,0.975,40,0,73,False,8,300.0,180.0,180.0,60.0,169921.10611101208,146688.11338338722,146677.7160797448,9,8,8,5,4,4,23232.992727624864,23243.390031267278,15.838360854026812,15.84657209867548,40,81,success,315.99379255995154,,,45,4,300,0.5,15,3,9,8,8,5,4,4,3,300
5,Launch products vs launch time,9,10,3,1,0,0.5,0.8,0.975,40,0,73,False,8,300.0,180.0,180.0,60.0,161573.97995010132,142822.5938755914,142138.13092046248,8,6,8,5,3,4,18751.38607450991,19435.849029638834,13.12914544238266,13.673916283952492,40,81,success,255.07080914394464,,,45,5,300,0.5,15,3,8,6,8,5,3,4,3,300
5,Launch products vs launch time,10,11,2,2,0,0.5,0.8,0.975,40,0,73,False,8,300.0,180.0,180.0,60.0,157266.27436796392,139790.56742943867,125753.1867201184,9,8,8,6,5,4,17475.706938525254,31513.087647845517,12.501349168173578,25.059474411556977,40,81,success,420.41301200399175,,,45,1,300,0.5,15,3,9,8,8,6,5,4,3,300
5,Launch products vs launch time,11,12,2,2,0,0.5,0.8,0.975,40,0,73,False,8,300.0,180.0,180.0,60.0,152645.3653138639,120651.1468879944,113279.33735467566,9,8,8,6,5,4,31994.218425869505,39366.02795918824,26.517956315468016,34.75128728545956,40,81,success,377.24150794395246,,,45,2,300,0.5,15,3,9,8,8,6,5,4,3,300
5,Launch products vs launch time,12,13,2,2,0,0.5,0.8,0.975,40,0,73,False,8,300.0,180.0,180.0,60.0,148181.2427051444,103006.888612457,101582.809355201,9,8,8,6,5,4,45174.3540926874,46598.4333499434,43.85566315146839,45.872361323464006,40,81,success,391.5361358759692,,,45,3,300,0.5,15,3,9,8,8,6,5,4,3,300
5,Launch products vs launch time,13,14,2,2,0,0.5,0.8,0.975,40,0,73,False,8,300.0,180.0,180.0,60.0,143871.73963426676,96131.68064027504,90595.73725295358,9,6,8,6,3,4,47740.058993991726,53276.002381313185,49.66110929926955,58.806301484760304,40,81,success,311.8656804970233,,,45,4,300,0.5,15,3,9,6,8,6,3,4,3,300
5,Launch products vs launch time,14,15,2,2,0,0.5,0.8,0.975,40,0,73,False,8,300.0,180.0,180.0,60.0,128422.19287112482,95414.84733630242,80257.59457509022,8,4,8,5,2,4,33007.345534822394,48164.5982960346,34.59351081753931,60.0125116520544,40,81,success,306.71289011405315,,,45,5,300,0.5,15,3,8,4,8,5,2,4,3,300
5,Launch products vs launch time,15,16,1,3,0,0.5,0.8,0.975,40,0,73,False,8,300.0,180.0,180.0,60.0,142295.97902518313,114670.88839487082,91408.77815140715,9,9,8,6,6,4,27625.090630312305,50887.200873775975,24.09076184635887,55.669927880982826,40,81,success,483.4818789900746,,,45,1,300,0.5,15,3,9,9,8,6,6,4,3,300
5,Launch products vs launch time,16,17,1,3,0,0.5,0.8,0.975,40,0,73,False,8,300.0,180.0,180.0,60.0,135264.52879010764,81746.02436213038,71129.80272680463,9,9,8,6,6,4,53518.504427977256,64134.72606330301,65.46924434012011,90.1657583806772,40,81,success,483.4037784610409,,,45,2,300,0.5,15,3,9,9,8,6,6,4,3,300
5,Launch products vs launch time,17,18,1,3,0,0.5,0.8,0.975,40,0,73,False,8,300.0,180.0,180.0,60.0,128521.82802858582,54722.0122114167,52181.77373195914,9,7,8,6,5,4,73799.81581716912,76340.05429662668,134.8631251571049,146.29639591931237,40,81,success,483.4479091200046,,,45,3,300,0.5,15,3,9,7,8,6,5,4,3,300
5,Launch products vs launch time,18,19,1,3,0,0.5,0.8,0.975,40,0,73,False,8,300.0,180.0,180.0,60.0,121703.40341602656,47890.41846460223,34451.80082611801,10,2,8,6,1,4,73812.98495142433,87251.60258990855,154.12892039350737,253.257015591948,40,81,success,304.0941880639876,,,45,4,300,0.5,15,3,10,2,8,6,1,4,3,300
5,Launch products vs launch time,19,20,1,3,0,0.5,0.8,0.975,40,0,73,False,8,300.0,180.0,180.0,60.0,96401.16558572854,47581.41403482343,18248.09504343351,9,1,8,6,1,4,48819.75155090511,78153.07054229503,102.60256560508138,428.28070741783006,40,81,success,304.2222015929874,,,45,5,300,0.5,15,3,9,1,8,6,1,4,3,300
5,Launch products vs launch time,20,21,0,4,0,0.5,0.8,0.975,40,0,73,False,8,300.0,180.0,180.0,60.0,122042.10337617868,85413.76429855774,57038.69535365136,10,9,8,7,6,4,36628.33907762094,65003.40802252732,42.88341507767903,113.9637006412807,40,81,success,483.4889406970469,,,45,1,300,0.5,15,3,10,9,8,7,6,4,3,300
5,Launch products vs launch time,21,22,0,4,0,0.5,0.8,0.975,40,0,73,False,8,300.0,180.0,180.0,60.0,112369.06125253555,44338.21828975598,28969.71619354325,10,9,8,7,6,4,68030.84296277957,83399.3450589923,153.4361225753124,287.8845774732867,40,81,success,483.3725948691135,,,45,2,300,0.5,15,3,10,9,8,7,6,4,3,300
5,Launch products vs launch time,22,23,0,4,0,0.5,0.8,0.975,40,0,73,False,8,300.0,180.0,180.0,60.0,103552.869516816,6578.188625384908,2777.042073111632,9,4,8,6,4,4,96974.6808914311,100775.82744370437,1474.185165764486,3628.890913085325,40,81,success,483.4278239260893,,,45,3,300,0.5,15,3,9,4,8,6,4,4,3,300
5,Launch products vs launch time,23,24,0,4,0,0.5,0.8,0.975,40,0,73,False,8,300.0,180.0,180.0,60.0,95941.8177664432,-0.0,-21692.13560071653,9,0,8,6,0,4,95941.8177664432,117633.95336715973,0.0,0.0,40,81,success,303.62206225201953,,,45,4,300,0.5,15,3,9,0,8,6,0,4,3,300
5,Launch products vs launch time,24,25,0,4,0,0.5,0.8,0.975,40,0,73,False,8,300.0,180.0,180.0,60.0,63378.42093344976,-0.0,-44164.86907455241,9,0,8,6,0,4,63378.42093344976,107543.29000800216,0.0,0.0,40,81,success,303.5422365979757,,,45,5,300,0.5,15,3,9,0,8,6,0,4,3,300
2,Launch products vs net revenue,0,1,4,0,0,0.5,0.8,0.975,40,0,73,False,8,300.0,180.0,180.0,60.0,44974.93235215096,44974.93235215096,42311.17145251532,4,4,8,4,4,4,0.0,2663.7608996356357,0.0,6.295644408297959,40,81,success,10.045675900997594,,,45,3,100,0.5,15,3,4,4,8,4,4,4,3,100
2,Launch products vs net revenue,1,2,4,0,0,0.5,0.8,0.975,40,0,73,False,8,300.0,180.0,180.0,60.0,117406.20640257132,117406.18852822384,116078.66672895256,4,4,8,4,4,4,0.017874347482575104,1327.539673618754,1.5224365688592475e-05,1.1436551702636426,40,81,success,53.88777886796743,,,45,3,200,0.5,15,3,4,4,8,4,4,4,3,200
2,Launch products vs net revenue,2,3,4,0,0,0.5,0.8,0.975,40,0,73,False,8,300.0,180.0,180.0,60.0,192193.19388778624,189837.44470429813,189846.16200539024,8,4,8,5,4,4,2355.7491834881075,2347.031882395997,1.240929673888921,1.2362809221970934,40,81,success,193.67499393003527,,,45,3,300,0.5,15,3,8,4,8,5,4,4,3,300
2,Launch products vs net revenue,3,4,4,0,0,0.5,0.8,0.975,40,0,73,False,8,300.0,180.0,180.0,60.0,274361.3807316168,264700.52950874896,263613.657281827,8,8,8,5,5,4,9660.851222867845,10747.723449789803,3.6497287107045744,4.077073836238881,40,81,success,306.8082460799488,,,45,3,400,0.5,15,3,8,8,8,5,5,4,3,400
2,Launch products vs net revenue,4,5,4,0,0,0.5,0.8,0.975,40,0,73,False,8,300.0,180.0,180.0,60.0,356529.5675754452,346705.7630809111,337381.1525582636,8,8,8,5,5,4,9823.804494534095,19148.4150171816,2.8334702046015443,5.67560305962104,40,81,success,192.4168491780292,,,45,3,500,0.5,15,3,8,8,8,5,5,4,3,500
2,Launch products vs net revenue,5,6,4,0,0,0.5,0.8,0.975,40,0,73,False,8,300.0,180.0,180.0,60.0,440724.4623716533,428710.9966530735,411148.6478347024,8,8,8,6,5,4,12013.46571857977,29575.8145369509,2.802229430168185,7.193460246728472,40,81,success,199.1837190099759,,,45,3,600,0.5,15,3,8,8,8,6,5,4,3,600
2,Launch products vs net revenue,6,7,4,0,0,0.5,0.8,0.975,40,0,73,False,8,300.0,180.0,180.0,60.0,532239.8143889179,510716.2302252352,484916.143111137,12,8,8,8,5,4,21523.58416368265,47323.6712777809,4.214392041974154,9.759145359476078,40,81,success,309.22771046997514,,,45,3,700,0.5,15,3,12,8,8,8,5,4,3,700
2,Launch products vs net revenue,7,8,4,0,0,0.5,0.8,0.975,40,0,73,False,8,300.0,180.0,180.0,60.0,626686.372282314,592721.4637974002,558683.6383875759,12,8,8,8,5,4,33964.90848491376,68002.73389473814,5.730332130594717,12.171957297872856,40,81,success,320.04528091300745,,,45,3,800,0.5,15,3,12,8,8,8,5,4,3,800
2,Launch products vs net revenue,8,9,4,0,0,0.5,0.8,0.975,40,0,73,False,8,300.0,180.0,180.0,60.0,721191.0469277676,674726.6973695573,632451.1336640102,12,8,8,8,5,4,46464.34955821023,88739.91326375736,6.88639559385347,14.03110984237724,40,81,success,327.56091213109903,,,45,3,900,0.5,15,3,12,8,8,8,5,4,3,900
2,Launch products vs net revenue,9,10,4,0,0,0.5,0.8,0.975,40,0,73,False,8,300.0,180.0,180.0,60.0,815644.0622380608,756731.9309417246,706218.6289404491,12,8,8,8,5,4,58912.131296336185,109425.43329761166,7.785072743398345,15.494554917332662,40,81,success,330.03927425597794,,,45,3,1000,0.5,15,3,12,8,8,8,5,4,3,1000
2,Launch products vs net revenue,10,11,3,1,0,0.5,0.8,0.975,40,0,73,False,8,300.0,180.0,180.0,60.0,33744.12110261124,33744.12110261124,11991.982662782706,3,3,8,3,3,4,0.0,21752.138439828537,0.0,181.38900840256065,40,81,success,6.421122405095957,,,45,3,100,0.5,15,3,3,3,8,3,3,4,3,100
2,Launch products vs net revenue,11,12,3,1,0,0.5,0.8,0.975,40,0,73,False,8,300.0,180.0,180.0,60.0,91435.8938069643,88080.48507316393,81440.28914948733,5,3,8,4,3,4,3355.4087338003737,9995.604657476972,3.809480307713119,12.273537780704077,40,81,success,308.4929233540315,,,45,3,200,0.5,15,3,5,3,8,4,3,4,3,200
2,Launch products vs net revenue,12,13,3,1,0,0.5,0.8,0.975,40,0,73,False,8,300.0,180.0,180.0,60.0,171902.7589670305,150849.6951566435,150888.59563619192,8,8,8,5,4,4,21053.063810387015,21014.16333083858,13.956318432414031,13.926939436500495,40,81,success,363.8710751790786,,,45,3,300,0.5,15,3,8,8,8,5,4,4,3,300
2,Launch products vs net revenue,13,14,3,1,0,0.5,0.8,0.975,40,0,73,False,8,300.0,180.0,180.0,60.0,254725.1428706261,225423.9264855476,220336.90212289657,10,8,8,5,5,4,29301.2163850785,34388.24074772952,12.998272562232737,15.607118197817345,40,81,success,381.6788900700631,,,45,3,400,0.5,15,3,10,8,8,5,5,4,3,400
2,Launch products vs net revenue,14,15,3,1,0,0.5,0.8,0.975,40,0,73,False,8,300.0,180.0,180.0,60.0,342425.63941870345,304110.0093019103,289785.20860959945,10,8,8,6,5,4,38315.63011679315,52640.430809104,12.599266365729736,18.165327023306265,40,81,success,359.105754425982,,,45,3,500,0.5,15,3,10,8,8,6,5,4,3,500
2,Launch products vs net revenue,15,16,3,1,0,0.5,0.8,0.975,40,0,73,False,8,300.0,180.0,180.0,60.0,431165.39629887545,382796.092118272,359233.5150963057,10,8,8,6,5,4,48369.304180603474,71931.88120256976,12.635788394009747,20.02371109034348,40,81,success,361.7716092810733,,,45,3,600,0.5,15,3,10,8,8,6,5,4,3,600
2,Launch products vs net revenue,16,17,3,1,0,0.5,0.8,0.975,40,0,73,False,8,300.0,180.0,180.0,60.0,523978.3053518182,461482.1749346349,428681.8215830096,14,8,8,8,5,4,62496.13041718333,95296.4837688086,13.542479820815467,22.23012009627647,40,81,success,360.95189838600345,,,45,3,700,0.5,15,3,14,8,8,8,5,4,3,700
2,Launch products vs net revenue,17,18,3,1,0,0.5,0.8,0.975,40,0,73,False,8,300.0,180.0,180.0,60.0,620488.3281106594,540487.9785034918,498130.1280697151,14,9,8,8,5,4,80000.34960716753,122358.20004094427,14.80150397214629,24.563501211036943,40,81,success,359.5494213020429,,,45,3,800,0.5,15,3,14,9,8,8,5,4,3,800
2,Launch products vs net revenue,18,19,3,1,0,0.5,0.8,0.975,40,0,73,False,8,300.0,180.0,180.0,60.0,717035.0786016083,619339.0264139158,567578.4345564169,14,9,8,8,5,4,97696.05218769249,149456.64404519135,15.774244480179163,26.33233310951941,40,81,success,362.8339229489211,,,45,3,900,0.5,15,3,14,9,8,8,5,4,3,900
2,Launch products vs net revenue,19,20,3,1,0,0.5,0.8,0.975,40,0,73,False,8,300.0,180.0,180.0,60.0,813640.0860722472,698190.0743243392,637026.7410431207,14,9,8,8,5,4,115450.01174790808,176613.3450291265,16.535613437305415,27.724635976807672,40,81,success,359.4618803539779,,,45,3,1000,0.5,15,3,14,9,8,8,5,4,3,1000
2,Launch products vs net revenue,20,21,2,2,0,0.5,0.8,0.975,40,0,73,False,8,300.0,180.0,180.0,60.0,22539.585626560005,22539.585626560005,-21776.6127642141,2,2,8,2,2,4,0.0,44316.19839077411,0.0,0.0,40,81,success,4.85472614702303,,,45,3,100,0.5,15,3,2,2,8,2,2,4,3,100
2,Launch products vs net revenue,21,22,2,2,0,0.5,0.8,0.975,40,0,73,False,8,300.0,180.0,180.0,60.0,66573.63142032015,58807.33316508097,39903.098295493706,8,2,8,5,2,4,7766.298255239177,26670.53312482644,13.20634321817998,66.83825132405413,40,81,success,305.5604863630142,,,45,3,200,0.5,15,3,8,2,8,5,2,4,3,200
2,Launch products vs net revenue,22,23,2,2,0,0.5,0.8,0.975,40,0,73,False,8,300.0,180.0,180.0,60.0,148181.2427051444,103006.888612457,101582.809355201,9,8,8,6,5,4,45174.3540926874,46598.4333499434,43.85566315146839,45.872361323464006,40,81,success,390.8986767180031,,,45,3,300,0.5,15,3,9,8,8,6,5,4,3,300
2,Launch products vs net revenue,23,24,2,2,0,0.5,0.8,0.975,40,0,73,False,8,300.0,180.0,180.0,60.0,237497.36005413847,175782.65307657773,163262.52041490932,9,8,8,6,5,4,61714.70697756074,74234.83963922915,35.10853084614412,45.46961510245679,40,81,success,394.50866898102686,,,45,3,400,0.5,15,3,9,8,8,6,5,4,3,400
2,Launch products vs net revenue,24,25,2,2,0,0.5,0.8,0.975,40,0,73,False,8,300.0,180.0,180.0,60.0,327389.22459377453,248939.932947946,224942.2314746172,11,8,8,6,5,4,78449.29164582852,102446.99311915733,31.513341679188333,45.54369023885032,40,81,success,483.5877700039418,,,45,3,500,0.5,15,3,11,8,8,6,5,4,3,500
2,Launch products vs net revenue,25,26,2,2,0,0.5,0.8,0.975,40,0,73,False,8,300.0,180.0,180.0,60.0,418313.629349157,324542.58035571664,286621.9425343239,11,9,8,7,6,4,93771.04899344034,131691.68681483308,28.893296186485635,45.94612877521147,40,81,success,483.7362549100071,,,45,3,600,0.5,15,3,11,9,8,7,6,4,3,600
2,Launch products vs net revenue,26,27,2,2,0,0.5,0.8,0.975,40,0,73,False,8,300.0,180.0,180.0,60.0,512483.7038870432,403300.5237503704,348301.6535940314,12,9,8,7,6,4,109183.18013667274,164182.05029301177,27.072412185671634,47.13788998670009,40,81,success,483.4828487090999,,,45,3,700,0.5,15,3,12,9,8,7,6,4,3,700
2,Launch products vs net revenue,27,28,2,2,0,0.5,0.8,0.975,40,0,73,False,8,300.0,180.0,180.0,60.0,609438.321762554,482227.6304414534,409981.3646537405,13,9,8,8,6,4,127210.69132110057,199456.9571088135,26.379801423789434,48.650249573482334,40,81,success,483.6074933030177,,,45,3,800,0.5,15,3,13,9,8,8,6,4,3,800
2,Launch products vs net revenue,28,29,2,2,0,0.5,0.8,0.975,40,0,73,False,8,300.0,180.0,180.0,60.0,707172.8863311571,561051.7879360379,471661.07571344805,13,9,8,8,6,4,146121.0983951192,235511.810617709,26.0441373750292,49.93242451933671,40,81,success,483.4621856058948,,,45,3,900,0.5,15,3,13,9,8,8,6,4,3,900
2,Launch products vs net revenue,29,30,2,2,0,0.5,0.8,0.975,40,0,73,False,8,300.0,180.0,180.0,60.0,804774.8553674987,639686.1821233927,533340.7867731564,13,9,8,8,6,4,165088.673244106,271434.06859434233,25.80775978247739,50.89317661913418,40,81,success,483.6318122769008,,,45,3,1000,0.5,15,3,13,9,8,8,6,4,3,1000
2,Launch products vs net revenue,30,31,1,3,0,0.5,0.8,0.975,40,0,73,False,8,300.0,180.0,180.0,60.0,11284.417374287486,11284.417374287486,-55576.95797196152,1,1,8,1,1,4,0.0,66861.37534624901,0.0,0.0,40,81,success,4.216032224940136,,,45,3,100,0.5,15,3,1,1,8,1,1,4,3,100
2,Launch products vs net revenue,31,32,1,3,0,0.5,0.8,0.975,40,0,73,False,8,300.0,180.0,180.0,60.0,40883.73263340758,29432.915704555453,-1697.5921200011217,8,1,8,5,1,4,11450.816928852124,42581.3247534087,38.904799795556215,0.0,40,81,success,304.25321590097155,,,45,3,200,0.5,15,3,8,1,8,5,1,4,3,200
2,Launch products vs net revenue,32,33,1,3,0,0.5,0.8,0.975,40,0,73,False,8,300.0,180.0,180.0,60.0,128521.82802858594,54722.0122114167,52181.77373195914,9,7,8,6,5,4,73799.81581716923,76340.0542966268,134.8631251571051,146.29639591931257,40,81,success,483.6119670979679,,,45,3,300,0.5,15,3,9,7,8,6,5,4,3,300
2,Launch products vs net revenue,33,34,1,3,0,0.5,0.8,0.975,40,0,73,False,8,300.0,180.0,180.0,60.0,218486.85407066825,126068.61032438496,106061.13958391966,10,9,8,6,6,4,92418.24374628329,112425.71448674859,73.30789441438552,106.00085472190597,40,81,success,483.58580262202304,,,45,3,400,0.5,15,3,10,9,8,6,6,4,3,400
2,Launch products vs net revenue,34,35,1,3,0,0.5,0.8,0.975,40,0,73,False,8,300.0,180.0,180.0,60.0,313012.92348197085,200974.1192539901,159940.50543588022,12,9,8,7,6,4,112038.80422798076,153072.41804609064,55.7478767136114,95.705848639735,40,81,success,483.6954556800192,,,45,3,500,0.5,15,3,12,9,8,7,6,4,3,500
2,Launch products vs net revenue,35,36,1,3,0,0.5,0.8,0.975,40,0,73,False,8,300.0,180.0,180.0,60.0,409067.52862083074,276098.9343638864,213819.8712878402,12,9,8,7,6,4,132968.5942569443,195247.65733299055,48.15976365982549,91.31408421350696,40,81,success,483.50164455000777,,,45,3,600,0.5,15,3,12,9,8,7,6,4,3,600
2,Launch products vs net revenue,36,37,1,3,0,0.5,0.8,0.975,40,0,73,False,8,300.0,180.0,180.0,60.0,505557.2126962873,351168.4061051357,267699.23713980225,13,9,8,7,6,4,154388.80659115163,237857.97555648506,43.96432136464162,88.85269083985735,40,81,success,483.601101434906,,,45,3,700,0.5,15,3,13,9,8,7,6,4,3,700
2,Launch products vs net revenue,37,38,1,3,0,0.5,0.8,0.975,40,0,73,False,8,300.0,180.0,180.0,60.0,601550.1019873471,426043.2690418852,321578.60299176123,13,9,8,7,6,4,175506.8329454619,279971.4989955859,41.19460291912452,87.06160683295172,40,81,success,483.84213021595497,,,45,3,800,0.5,15,3,13,9,8,7,6,4,3,800
2,Launch products vs net revenue,38,39,1,3,0,0.5,0.8,0.975,40,0,73,False,8,300.0,180.0,180.0,60.0,700345.288656735,501352.72596959176,375457.9688437215,13,9,8,8,6,4,198992.56268714322,324887.3198130135,39.69113009255136,86.53094268142775,40,81,success,483.6533577959053,,,45,3,900,0.5,15,3,13,9,8,8,6,4,3,900
2,Launch products vs net revenue,39,40,1,3,0,0.5,0.8,0.975,40,0,73,False,8,300.0,180.0,180.0,60.0,799415.200729865,576356.6059297029,429337.3346956824,13,9,8,8,6,4,223058.59480016213,370077.8660341826,38.70149010270356,86.19745736682712,40,81,success,483.6192800269928,,,45,3,1000,0.5,15,3,13,9,8,8,6,4,3,1000
2,Launch products vs net revenue,40,41,0,4,0,0.5,0.8,0.975,40,0,73,False,8,300.0,180.0,180.0,60.0,-0.0,-0.0,-89378.53519157734,0,0,8,0,0,4,0.0,89378.53519157734,0.0,0.0,40,81,success,3.86085787799675,,,45,3,100,0.5,15,3,0,0,8,0,0,4,3,100
2,Launch products vs net revenue,41,42,0,4,0,0.5,0.8,0.975,40,0,73,False,8,300.0,180.0,180.0,60.0,15535.078829189732,-0.0,-43300.74655923269,9,0,8,6,0,4,15535.078829189732,58835.825388422425,0.0,0.0,40,81,success,303.7571487559471,,,45,3,200,0.5,15,3,9,0,8,6,0,4,3,200
2,Launch products vs net revenue,42,43,0,4,0,0.5,0.8,0.975,40,0,73,False,8,300.0,180.0,180.0,60.0,103552.869516816,6578.188625384908,2777.042073111632,9,4,8,6,4,4,96974.6808914311,100775.82744370437,1474.185165764486,3628.890913085325,40,81,success,483.5942488020519,,,45,3,300,0.5,15,3,9,4,8,6,4,4,3,300
2,Launch products vs net revenue,43,44,0,4,0,0.5,0.8,0.975,40,0,73,False,8,300.0,180.0,180.0,60.0,199587.1349155448,74629.51379954864,48854.83070545652,10,9,8,7,6,4,124957.62111599615,150732.30421008827,167.43727079828824,308.5310132765504,40,81,success,483.68894334998913,,,45,3,400,0.5,15,3,10,9,8,7,6,4,3,400
2,Launch products vs net revenue,44,45,0,4,0,0.5,0.8,0.975,40,0,73,False,8,300.0,180.0,180.0,60.0,296098.3444785885,144300.3131144133,94932.61933780118,12,10,8,7,7,4,151798.0313641752,201165.7251407873,105.19591266847574,211.9036918437636,40,81,success,483.5621953199152,,,45,3,500,0.5,15,3,12,10,8,7,7,4,3,500
2,Launch products vs net revenue,45,46,0,4,0,0.5,0.8,0.975,40,0,73,False,8,300.0,180.0,180.0,60.0,393205.2423465918,219657.28109099675,141010.40797014517,12,10,8,7,7,4,173547.96125559503,252194.8343764466,79.00851744755042,178.848382900815,40,81,success,484.72719458292704,,,45,3,600,0.5,15,3,12,10,8,7,7,4,3,600
2,Launch products vs net revenue,46,47,0,4,0,0.5,0.8,0.975,40,0,73,False,8,300.0,180.0,180.0,60.0,490424.6213912688,295258.42651833186,187088.1966024901,13,10,8,7,7,4,195166.19487293693,303336.4247887787,66.1001269885246,162.13552233510674,40,81,success,483.7609671819955,,,45,3,700,0.5,15,3,13,10,8,7,7,4,3,700
2,Launch products vs net revenue,47,48,0,4,0,0.5,0.8,0.975,40,0,73,False,8,300.0,180.0,180.0,60.0,587268.3846827452,370718.1260767556,233165.9852348349,12,10,8,8,7,4,216550.25860598963,354102.3994479103,58.41372281892519,151.8670912016919,40,81,success,483.6115380040137,,,45,3,800,0.5,15,3,12,10,8,8,7,4,3,800
2,Launch products vs net revenue,48,49,0,4,0,0.5,0.8,0.975,40,0,73,False,8,300.0,180.0,180.0,60.0,687299.1080725046,446227.8804892227,279243.77386717865,12,10,8,8,7,4,241071.22758328193,408055.334205326,54.02424145236802,146.12871347291565,40,81,success,483.66746727202553,,,45,3,900,0.5,15,3,12,10,8,8,7,4,3,900
2,Launch products vs net revenue,49,50,0,4,0,0.5,0.8,0.975,40,0,73,False,8,300.0,180.0,180.0,60.0,787408.2700921564,521538.2319477097,325321.56249952427,12,10,8,8,7,4,265870.0381444467,462086.7075926321,50.97805335412174,142.0399877715784,40,81,success,483.5039662019117,,,45,3,1000,0.5,15,3,12,10,8,8,7,4,3,1000
3,Launch products vs growth demand level,0,1,4,0,0,0.5,0.8,0.975,40,0,73,False,8,300.0,180.0,180.0,60.0,192193.19388778624,189837.44470429813,189846.16200539024,8,4,8,5,4,4,2355.7491834881075,2347.031882395997,1.240929673888921,1.2362809221970934,40,81,success,201.598335037008,,,30,3,300,0.5,15,3,8,4,8,5,4,4,3,300
3,Launch products vs growth demand level,1,2,4,0,0,0.5,0.8,0.975,40,0,73,False,8,300.0,180.0,180.0,60.0,192193.19388778624,189837.44470429813,189846.16200539024,8,4,8,5,4,4,2355.7491834881075,2347.031882395997,1.240929673888921,1.2362809221970934,40,81,success,166.77941838186234,,,35,3,300,0.5,15,3,8,4,8,5,4,4,3,300
3,Launch products vs growth demand level,2,3,4,0,0,0.5,0.8,0.975,40,0,73,False,8,300.0,180.0,180.0,60.0,192193.19388778624,189837.44470429813,189846.16200539024,8,4,8,5,4,4,2355.7491834881075,2347.031882395997,1.240929673888921,1.2362809221970934,40,81,success,169.95260714995675,,,40,3,300,0.5,15,3,8,4,8,5,4,4,3,300
3,Launch products vs growth demand level,3,4,4,0,0,0.5,0.8,0.975,40,0,73,False,8,300.0,180.0,180.0,60.0,192193.19388778624,189837.44470429813,189846.16200539024,8,4,8,5,4,4,2355.7491834881075,2347.031882395997,1.240929673888921,1.2362809221970934,40,81,success,169.9024187962059,,,45,3,300,0.5,15,3,8,4,8,5,4,4,3,300
3,Launch products vs growth demand level,4,5,4,0,0,0.5,0.8,0.975,40,0,73,False,8,300.0,180.0,180.0,60.0,192193.19388778624,189837.44470429813,189846.16200539024,8,4,8,5,4,4,2355.7491834881075,2347.031882395997,1.240929673888921,1.2362809221970934,40,81,success,176.28386393398978,,,50,3,300,0.5,15,3,8,4,8,5,4,4,3,300
3,Launch products vs growth demand level,5,6,4,0,0,0.5,0.8,0.975,40,0,73,False,8,300.0,180.0,180.0,60.0,192193.19388778624,189837.44470429813,189846.16200539024,8,4,8,5,4,4,2355.7491834881075,2347.031882395997,1.240929673888921,1.2362809221970934,40,81,success,170.8419611109421,,,55,3,300,0.5,15,3,8,4,8,5,4,4,3,300
3,Launch products vs growth demand level,6,7,4,0,0,0.5,0.8,0.975,40,0,73,False,8,300.0,180.0,180.0,60.0,192193.19388778624,189837.44470429813,189846.16200539024,8,4,8,5,4,4,2355.7491834881075,2347.031882395997,1.240929673888921,1.2362809221970934,40,81,success,188.1297992649488,,,60,3,300,0.5,15,3,8,4,8,5,4,4,3,300
3,Launch products vs growth demand level,7,8,3,1,0,0.5,0.8,0.975,40,0,73,False,8,300.0,180.0,180.0,60.0,160218.94163022583,149558.6199083699,149618.56366033963,9,8,8,5,4,4,10660.32172185593,10600.377969886205,7.127855103495332,7.084934991055604,40,81,success,344.38924752292223,,,30,3,300,0.5,15,3,9,8,8,5,4,4,3,300
3,Launch products vs growth demand level,8,9,3,1,0,0.5,0.8,0.975,40,0,73,False,8,300.0,180.0,180.0,60.0,164366.59577274884,150265.17137453536,150333.26524792245,9,8,8,5,4,4,14101.42439821348,14033.330524826393,9.384359841486976,9.334813889449746,40,81,success,345.810648499988,,,35,3,300,0.5,15,3,9,8,8,5,4,4,3,300
3,Launch products vs growth demand level,9,10,3,1,0,0.5,0.8,0.975,40,0,73,False,8,300.0,180.0,180.0,60.0,168230.0060753791,150657.65294515225,150712.01781693395,8,8,8,5,4,4,17572.35313022684,17517.98825844514,11.6637640283857,11.623484651186738,40,81,success,359.75099308788776,,,40,3,300,0.5,15,3,8,8,8,5,4,4,3,300
3,Launch products vs growth demand level,10,11,3,1,0,0.5,0.8,0.975,40,0,73,False,8,300.0,180.0,180.0,60.0,171902.75896703074,150849.6951566435,150888.59563619192,8,8,8,5,4,4,21053.063810387248,21014.16333083881,13.95631843241419,13.926939436500648,40,81,success,369.5989899309352,,,45,3,300,0.5,15,3,8,8,8,5,4,4,3,300
3,Launch products vs growth demand level,11,12,3,1,0,0.5,0.8,0.975,40,0,73,False,8,300.0,180.0,180.0,60.0,174849.0227933772,150910.14168622028,150962.26881524056,9,8,8,5,4,4,23938.88110715692,23886.753978136636,15.8630035328784,15.82299614705123,40,81,success,354.8544488539919,,,50,3,300,0.5,15,3,9,8,8,5,4,4,3,300
3,Launch products vs growth demand level,12,13,3,1,0,0.5,0.8,0.975,40,0,73,False,8,300.0,180.0,180.0,60.0,176784.7418117624,150925.85834152155,150982.74434306467,9,8,8,5,4,4,25858.883470240835,25801.997468697722,17.13350101460164,17.08936844469467,40,81,success,371.3466814549174,,,55,3,300,0.5,15,3,9,8,8,5,4,4,3,300
3,Launch products vs growth demand level,13,14,3,1,0,0.5,0.8,0.975,40,0,73,False,8,300.0,180.0,180.0,60.0,180365.97982824303,151577.10722800842,150991.23704965514,9,9,8,6,5,4,28788.87260023461,29374.742778587883,18.992889577269224,19.45460104345504,40,81,success,367.8006630700547,,,60,3,300,0.5,15,3,9,9,8,6,5,4,3,300
3,Launch products vs growth demand level,14,15,2,2,0,0.5,0.8,0.975,40,0,73,False,8,300.0,180.0,180.0,60.0,128834.66551525316,100983.1103240599,100118.89881188211,8,6,8,4,3,4,27851.555191193256,28715.766703371046,27.58040933955809,28.681664544999023,40,81,success,343.57636199402623,,,30,3,300,0.5,15,3,8,6,8,4,3,4,3,300
3,Launch products vs growth demand level,15,16,2,2,0,0.5,0.8,0.975,40,0,73,False,8,300.0,180.0,180.0,60.0,136189.726526351,101768.87593051176,101243.78110920772,9,7,8,5,4,4,34420.85059583925,34945.94541714329,33.822571273502064,34.5166340433774,40,81,success,381.6049479709473,,,35,3,300,0.5,15,3,9,7,8,5,4,4,3,300
3,Launch products vs growth demand level,16,17,2,2,0,0.5,0.8,0.975,40,0,73,False,8,300.0,180.0,180.0,60.0,143649.0503471485,102348.99476206064,101541.81547992885,8,7,8,5,4,4,41300.05558508786,42107.23486721965,40.3521848759742,41.467876724680735,40,81,success,406.68247107602656,,,40,3,300,0.5,15,3,8,7,8,5,4,4,3,300
3,Launch products vs growth demand level,17,18,2,2,0,0.5,0.8,0.975,40,0,73,False,8,300.0,180.0,180.0,60.0,148181.2427051444,103006.888612457,101582.809355201,9,8,8,6,5,4,45174.3540926874,46598.4333499434,43.85566315146839,45.872361323464006,40,81,success,391.13581976806745,,,45,3,300,0.5,15,3,9,8,8,6,5,4,3,300
3,Launch products vs growth demand level,18,19,2,2,0,0.5,0.8,0.975,40,0,73,False,8,300.0,180.0,180.0,60.0,156186.33437737677,104202.93234167687,101586.50539080672,10,8,8,6,5,4,51983.402035699895,54599.82898657005,49.88669787645571,53.74712790495415,40,81,success,364.72187641006894,,,50,3,300,0.5,15,3,10,8,8,6,5,4,3,300
3,Launch products vs growth demand level,19,20,2,2,0,0.5,0.8,0.975,40,0,73,False,8,300.0,180.0,180.0,60.0,162387.9443913484,104419.51924325316,101586.50539080676,10,8,8,6,5,4,57968.42514809524,60801.439000541635,55.51493204355155,59.851885608857614,40,81,success,420.31848997203633,,,55,3,300,0.5,15,3,10,8,8,6,5,4,3,300
3,Launch products vs growth demand level,20,21,2,2,0,0.5,0.8,0.975,40,0,73,False,8,300.0,180.0,180.0,60.0,168463.85259986226,104444.11380985126,101586.50539080704,10,8,8,7,5,4,64019.738790011004,66877.34720905522,61.29568862689953,65.83290462820393,40,81,success,483.5057633821853,,,60,3,300,0.5,15,3,10,8,8,7,5,4,3,300
3,Launch products vs growth demand level,21,22,1,3,0,0.5,0.8,0.975,40,0,73,False,8,300.0,180.0,180.0,60.0,97268.5662780794,51489.908301376025,50581.60019148918,8,6,8,4,3,4,45778.65797670337,46686.96608659021,88.90802001191362,92.30029479068502,40,81,success,420.91074892599136,,,30,3,300,0.5,15,3,8,6,8,4,3,4,3,300
3,Launch products vs growth demand level,22,23,1,3,0,0.5,0.8,0.975,40,0,73,False,8,300.0,180.0,180.0,60.0,108418.58526293108,53086.36321876579,51986.97502889478,9,6,8,5,4,4,55332.22204416529,56431.6102340363,104.23057578109923,108.54951687931668,40,81,success,461.5312593919225,,,35,3,300,0.5,15,3,9,6,8,5,4,4,3,300
3,Launch products vs growth demand level,23,24,1,3,0,0.5,0.8,0.975,40,0,73,False,8,300.0,180.0,180.0,60.0,116079.10470414384,53930.467599344585,52174.68684429463,8,5,8,5,4,4,62148.63710479926,63904.417859849214,115.23845401547108,122.48165101701464,40,81,success,421.91116315778345,,,40,3,300,0.5,15,3,8,5,8,5,4,4,3,300
3,Launch products vs growth demand level,24,25,1,3,0,0.5,0.8,0.975,40,0,73,False,8,300.0,180.0,180.0,60.0,128521.82802858594,54722.0122114167,52181.77373195914,9,7,8,6,5,4,73799.81581716923,76340.0542966268,134.8631251571051,146.29639591931257,40,81,success,483.4421079540625,,,45,3,300,0.5,15,3,9,7,8,6,5,4,3,300
3,Launch products vs growth demand level,25,26,1,3,0,0.5,0.8,0.975,40,0,73,False,8,300.0,180.0,180.0,60.0,135844.49284228042,55669.75154629929,52181.773731958936,11,7,8,7,5,4,80174.74129598113,83662.71911032149,144.01850029688313,160.3293892232757,40,81,success,483.46092654415406,,,50,3,300,0.5,15,3,11,7,8,7,5,4,3,300
3,Launch products vs growth demand level,26,27,1,3,0,0.5,0.8,0.975,40,0,73,False,8,300.0,180.0,180.0,60.0,147635.0786342104,56365.72295439249,52181.773731959314,11,9,8,7,6,4,91269.3556798179,95453.30490225108,161.92350757865233,182.92460772330864,40,81,success,483.459967603907,,,55,3,300,0.5,15,3,11,9,8,7,6,4,3,300
3,Launch products vs growth demand level,27,28,1,3,0,0.5,0.8,0.975,40,0,73,False,8,300.0,180.0,180.0,60.0,156135.08789957076,57025.835234445374,52181.7737319592,11,8,8,8,7,4,99109.25266512539,103953.31416761156,173.79710837669646,199.2138379610972,40,81,success,483.42398642003536,,,60,3,300,0.5,15,3,11,8,8,8,7,4,3,300
3,Launch products vs growth demand level,28,29,0,4,0,0.5,0.8,0.975,40,0,73,False,8,300.0,180.0,180.0,60.0,65804.29841475782,1814.2880391072688,1045.1993219186843,8,6,8,4,3,4,63990.010375650556,64759.09909283914,3527.003926407255,6195.86118501877,40,81,success,483.4298763528932,,,30,3,300,0.5,15,3,8,6,8,4,3,4,3,300
3,Launch products vs growth demand level,29,30,0,4,0,0.5,0.8,0.975,40,0,73,False,8,300.0,180.0,180.0,60.0,79558.66825186249,5220.461796397838,2677.383252140833,8,4,8,5,4,4,74338.20645546465,76881.28499972165,1423.9775972838002,2871.50840053427,40,81,success,320.66513592610136,,,35,3,300,0.5,15,3,8,4,8,5,4,4,3,300
3,Launch products vs growth demand level,30,31,0,4,0,0.5,0.8,0.975,40,0,73,False,8,300.0,180.0,180.0,60.0,92603.08773608351,6517.838429429568,2777.0420731117774,9,4,8,6,4,4,86085.24930665395,89826.04566297174,1320.763781408862,3234.594338079954,40,81,success,321.97910986305214,,,40,3,300,0.5,15,3,9,4,8,6,4,4,3,300
3,Launch products vs growth demand level,31,32,0,4,0,0.5,0.8,0.975,40,0,73,False,8,300.0,180.0,180.0,60.0,103552.869516816,6578.188625384908,2777.042073111632,9,4,8,6,4,4,96974.6808914311,100775.82744370437,1474.185165764486,3628.890913085325,40,81,success,483.37930235406384,,,45,3,300,0.5,15,3,9,4,8,6,4,4,3,300
3,Launch products vs growth demand level,32,33,0,4,0,0.5,0.8,0.975,40,0,73,False,8,300.0,180.0,180.0,60.0,118870.1318841643,7777.620539876632,2777.042073111603,10,8,8,7,6,4,111092.51134428766,116093.08981105269,1428.3611648923386,4180.458442999872,40,81,success,483.40706488490105,,,50,3,300,0.5,15,3,10,8,8,7,6,4,3,300
3,Launch products vs growth demand level,33,34,0,4,0,0.5,0.8,0.975,40,0,73,False,8,300.0,180.0,180.0,60.0,132297.82954060598,8597.343143011414,2777.042073111952,12,10,8,8,7,4,123700.48639759456,129520.78746749402,1438.822254037259,4663.983622054134,40,81,success,483.5026295739226,,,55,3,300,0.5,15,3,12,10,8,8,7,4,3,300
3,Launch products vs growth demand level,34,35,0,4,0,0.5,0.8,0.975,40,0,73,False,8,300.0,180.0,180.0,60.0,140838.782300314,10346.59967438114,2777.042073111661,12,8,8,8,8,4,130492.18262593285,138061.74022720233,1261.208384712516,4971.539378678008,40,81,success,483.41824148618616,,,60,3,300,0.5,15,3,12,8,8,8,8,4,3,300
