Analysis,Analysis Name,Analysis Task Index,Run Id,Established Products,Launch Products,Decline Products,Competition Time,Availability,Probability Launch,N Scenarios Sampled,Seed,Capacity Seed,Evaluation Include No Launch,Solver Threads,Time Limit Multi,Time Limit Single,Time Limit Long,Time Limit Evaluation,Multi Profit,Single Profit,Long Profit,N Arcs Multi,N Arcs Single,N Arcs Long,Multi Machines,Single Machines,N Machines Long,VMPSP,VMPLC,Percent Vmpsp,Percent Vmplc,Planning Scenarios,Evaluation Scenarios,Status,Runtime Seconds,Error Type,Error Message,Growth Demand Level,Growth Slope,Launch Time,Net Revenue,Decline Slope,Decline Demand Level,Number of Arcs Multi-Period,Number of Arcs Start-Period,Number of Arcs Long-Chain,Number Of Machines Multi-Period,Number Of Machines Start-Period,Number Of Machines Long-Chain,Decline Time,Unit Operating Profit
6,Decline products vs competition time,0,1,4,0,0,1,0.8,0.975,40,0,73,False,8,300.0,180.0,180.0,60.0,192193.19388778624,189837.44470429813,189846.16200539024,8,4,8,5,4,4,2355.7491834881075,2347.031882395997,1.240929673888921,1.2362809221970934,40,81,success,225.8171880879672,,,45,0.5,3,300,0.5,15,8,4,8,5,4,4,1,300
6,Decline products vs competition time,1,2,4,0,0,2,0.8,0.975,40,0,73,False,8,300.0,180.0,180.0,60.0,192193.19388778624,189837.44470429813,189846.16200539024,8,4,8,5,4,4,2355.7491834881075,2347.031882395997,1.240929673888921,1.2362809221970934,40,81,success,222.887732493924,,,45,0.5,3,300,0.5,15,8,4,8,5,4,4,2,300
6,Decline products vs competition time,2,3,4,0,0,3,0.8,0.975,40,0,73,False,8,300.0,180.0,180.0,60.0,192193.19388778624,189837.44470429813,189846.16200539024,8,4,8,5,4,4,2355.7491834881075,2347.031882395997,1.240929673888921,1.2362809221970934,40,81,success,222.7764985389076,,,45,0.5,3,300,0.5,15,8,4,8,5,4,4,3,300
6,Decline products vs competition time,3,4,4,0,0,4,0.8,0.975,40,0,73,False,8,300.0,180.0,180.0,60.0,192193.19388778624,189837.44470429813,189846.16200539024,8,4,8,5,4,4,2355.7491834881075,2347.031882395997,1.240929673888921,1.2362809221970934,40,81,success,222.4527614669641,,,45,0.5,3,300,0.5,15,8,4,8,5,4,4,4,300
6,Decline products vs competition time,4,5,4,0,0,5,0.8,0.975,40,0,73,False,8,300.0,180.0,180.0,60.0,192193.19388778624,189837.44470429813,189846.16200539024,8,4,8,5,4,4,2355.7491834881075,2347.031882395997,1.240929673888921,1.2362809221970934,40,81,success,227.0147285850253,,,45,0.5,3,300,0.5,15,8,4,8,5,4,4,5,300
6,Decline products vs competition time,5,6,3,0,1,1,0.8,0.975,40,0,73,False,8,300.0,180.0,180.0,60.0,182252.8131151229,182043.5107895416,181344.68301548445,7,7,8,4,4,4,209.30232558131684,908.1300996384525,0.1149737909764429,0.5007756966113587,40,81,success,61.4580384879373,,,45,0.5,3,300,0.5,15,7,7,8,4,4,4,1,300
6,Decline products vs competition time,6,7,3,0,1,2,0.8,0.975,40,0,73,False,8,300.0,180.0,180.0,60.0,183505.9568612052,183121.3776109465,182411.5809876001,7,7,8,4,4,4,384.5792502586846,1094.3758736051095,0.2100133011645142,0.5999486807142322,40,81,success,68.1900607800344,,,45,0.5,3,300,0.5,15,7,7,8,4,4,4,2,300
6,Decline products vs competition time,7,8,3,0,1,3,0.8,0.975,40,0,73,False,8,300.0,180.0,180.0,60.0,184660.8642160152,184133.8337997025,183435.4770746405,7,7,8,4,4,4,527.0304163127148,1225.3871413746965,0.2862213887785287,0.6680207999655826,40,81,success,54.32701634708792,,,45,0.5,3,300,0.5,15,7,7,8,4,4,4,3,300
6,Decline products vs competition time,8,9,3,0,1,4,0.8,0.975,40,0,73,False,8,300.0,180.0,180.0,60.0,185737.41127650667,185142.7121779606,184535.91039068767,7,7,8,4,4,4,594.6990985460579,1201.5008858189976,0.3212111843616229,0.6510932659530909,40,81,success,68.46302409796044,,,45,0.5,3,300,0.5,15,7,7,8,4,4,4,4,300
6,Decline products vs competition time,9,10,3,0,1,5,0.8,0.975,40,0,73,False,8,300.0,180.0,180.0,60.0,186179.23730918404,185560.8205276343,185198.33368659552,7,7,8,4,4,4,618.4167815497494,980.9036225885211,0.3332690488171521,0.5296503500125812,40,81,success,82.16909374599345,,,45,0.5,3,300,0.5,15,7,7,8,4,4,4,5,300
6,Decline products vs competition time,10,11,2,0,2,1,0.8,0.975,40,0,73,False,8,300.0,180.0,180.0,60.0,159878.06334254835,159738.52845882744,158477.80313811277,6,6,8,4,4,4,139.5348837209167,1400.260204435588,0.0873520527997613,0.883568661798818,40,81,success,47.032326952088624,,,45,0.5,3,300,0.5,15,6,6,8,4,4,4,1,300
6,Decline products vs competition time,11,12,2,0,2,2,0.8,0.975,40,0,73,False,8,300.0,180.0,180.0,60.0,164902.44048710546,164633.10571155112,163248.85356345214,6,6,8,4,4,4,269.3347755543364,1653.586923653318,0.1635969718181894,1.0129240650444116,40,81,success,18.27586300694384,,,45,0.5,3,300,0.5,15,6,6,8,4,4,4,2,300
6,Decline products vs competition time,12,13,2,0,2,3,0.8,0.975,40,0,73,False,8,300.0,180.0,180.0,60.0,169600.14045494088,169210.0615939601,167763.1717343136,6,6,8,4,4,4,390.0788609807787,1836.9687206272793,0.2305293534593822,1.0949773431420844,40,81,success,12.963585151010191,,,45,0.5,3,300,0.5,15,6,6,8,4,4,4,3,300
6,Decline products vs competition time,13,14,2,0,2,4,0.8,0.975,40,0,73,False,8,300.0,180.0,180.0,60.0,173942.45087145586,173440.0519310086,172048.51552490925,6,6,8,4,4,4,502.39894044725224,1893.935346546612,0.2896671990429855,1.1008146979753552,40,81,success,15.177818905911408,,,45,0.5,3,300,0.5,15,6,6,8,4,4,4,4,300
6,Decline products vs competition time,14,15,2,0,2,5,0.8,0.975,40,0,73,False,8,300.0,180.0,180.0,60.0,176855.72018459547,176353.32124414822,175290.02245138495,6,6,8,4,4,4,502.39894044725224,1565.6977332105162,0.2848820407253447,0.8932041375285622,40,81,success,54.8908108730102,,,45,0.5,3,300,0.5,15,6,6,8,4,4,4,5,300
6,Decline products vs competition time,15,16,1,0,3,1,0.8,0.975,40,0,73,False,8,300.0,180.0,180.0,60.0,138902.1657672202,134592.8949746678,132111.6805130727,8,5,8,4,4,4,4309.270792552386,6790.4852541474975,3.201707484903604,5.139958274526351,40,81,success,50.32975935004652,,,45,0.5,3,300,0.5,15,8,5,8,4,4,4,1,300
6,Decline products vs competition time,16,17,1,0,3,2,0.8,0.975,40,0,73,False,8,300.0,180.0,180.0,60.0,143419.2817661694,143284.61437839226,140716.12295969776,5,5,8,4,4,4,134.66738777715364,2703.158806471649,0.0939859372629626,1.9210014812914191,40,81,success,10.760533306049185,,,45,0.5,3,300,0.5,15,5,5,8,4,4,4,2,300
6,Decline products vs competition time,17,18,1,0,3,3,0.8,0.975,40,0,73,False,8,300.0,180.0,180.0,60.0,151616.24479517154,151421.20536468114,148801.26162331662,5,5,8,4,4,4,195.0394304904039,2814.983171854925,0.1288058895190228,1.891773726341731,40,81,success,10.28049039898906,,,45,0.5,3,300,0.5,15,5,5,8,4,4,4,3,300
6,Decline products vs competition time,18,19,1,0,3,4,0.8,0.975,40,0,73,False,8,300.0,180.0,180.0,60.0,159285.0003925982,159033.80092237456,156422.42737717534,5,5,8,4,4,4,251.19947022362612,2862.5730154228513,0.1579535097361084,1.8300272303794645,40,81,success,8.463117648032494,,,45,0.5,3,300,0.5,15,5,5,8,4,4,4,4,300
6,Decline products vs competition time,19,20,1,0,3,5,0.8,0.975,40,0,73,False,8,300.0,180.0,180.0,60.0,165718.50240961602,165467.3029393924,163214.62736822426,5,5,8,4,4,4,251.19947022362612,2503.8750413917587,0.1518121500509595,1.5340996586922515,40,81,success,23.160455646924675,,,45,0.5,3,300,0.5,15,5,5,8,4,4,4,5,300
6,Decline products vs competition time,20,21,0,0,4,1,0.8,0.975,40,0,73,False,8,300.0,180.0,180.0,60.0,112436.65865331783,109418.88714147272,105418.88714147249,8,4,8,4,4,4,3017.771511845116,7017.771511845349,2.757998724610784,6.657034334300543,40,81,success,57.282866361085325,,,45,0.5,3,300,0.5,15,8,4,8,4,4,4,1,300
6,Decline products vs competition time,21,22,0,0,4,2,0.8,0.975,40,0,73,False,8,300.0,180.0,180.0,60.0,121911.87928156897,121911.87928156897,117911.8792815692,4,4,8,4,4,4,0.0,3999.999999999767,0.0,3.392363877474877,40,81,success,5.985224843025208,,,45,0.5,3,300,0.5,15,4,4,8,4,4,4,2,300
6,Decline products vs competition time,22,23,0,0,4,3,0.8,0.975,40,0,73,False,8,300.0,180.0,180.0,60.0,133615.26315082874,133615.26315082874,129615.26315082834,4,4,8,4,4,4,0.0,4000.0000000004075,0.0,3.0860563044537126,40,81,success,6.839215971995145,,,45,0.5,3,300,0.5,15,4,4,8,4,4,4,3,300
6,Decline products vs competition time,23,24,0,0,4,4,0.8,0.975,40,0,73,False,8,300.0,180.0,180.0,60.0,144606.03128868123,144606.03128868123,140606.03128868167,4,4,8,4,4,4,0.0,3999.9999999995634,0.0,2.8448281793738035,40,81,success,9.70130999397952,,,45,0.5,3,300,0.5,15,4,4,8,4,4,4,4,300
6,Decline products vs competition time,24,25,0,0,4,5,0.8,0.975,40,0,73,False,8,300.0,180.0,180.0,60.0,154540.7093802154,154540.7093802154,150540.7093802161,4,4,8,4,4,4,0.0,3999.9999999993015,0.0,2.65708858186434,40,81,success,9.90552480891347,,,45,0.5,3,300,0.5,15,4,4,8,4,4,4,5,300
7,Decline products vs net revenue,0,1,4,0,0,3,0.8,0.975,40,0,73,False,8,300.0,180.0,180.0,60.0,44974.93235215096,44974.93235215096,42311.17145251532,4,4,8,4,4,4,0.0,2663.7608996356357,0.0,6.295644408297959,40,81,success,9.426757261157036,,,45,0.5,3,100,0.5,15,4,4,8,4,4,4,3,100
7,Decline products vs net revenue,1,2,4,0,0,3,0.8,0.975,40,0,73,False,8,300.0,180.0,180.0,60.0,117406.20640257132,117406.18852822384,116078.66672895256,4,4,8,4,4,4,0.017874347482575104,1327.539673618754,1.5224365688592475e-05,1.1436551702636426,40,81,success,50.614147793035954,,,45,0.5,3,200,0.5,15,4,4,8,4,4,4,3,200
7,Decline products vs net revenue,2,3,4,0,0,3,0.8,0.975,40,0,73,False,8,300.0,180.0,180.0,60.0,192193.19388778624,189837.44470429813,189846.16200539024,8,4,8,5,4,4,2355.7491834881075,2347.031882395997,1.240929673888921,1.2362809221970934,40,81,success,169.38039084500633,,,45,0.5,3,300,0.5,15,8,4,8,5,4,4,3,300
7,Decline products vs net revenue,3,4,4,0,0,3,0.8,0.975,40,0,73,False,8,300.0,180.0,180.0,60.0,274361.3807316168,264700.52950874896,263613.657281827,8,8,8,5,5,4,9660.851222867845,10747.723449789803,3.6497287107045744,4.077073836238881,40,81,success,330.40513303596526,,,45,0.5,3,400,0.5,15,8,8,8,5,5,4,3,400
7,Decline products vs net revenue,4,5,4,0,0,3,0.8,0.975,40,0,73,False,8,300.0,180.0,180.0,60.0,356529.56757544493,346705.7630809111,337381.1525582636,8,8,8,5,5,4,9823.804494533804,19148.41501718131,2.833470204601477,5.675603059620972,40,81,success,183.53240637807176,,,45,0.5,3,500,0.5,15,8,8,8,5,5,4,3,500
7,Decline products vs net revenue,5,6,4,0,0,3,0.8,0.975,40,0,73,False,8,300.0,180.0,180.0,60.0,440724.4623716533,428710.9966530735,411148.6478347024,8,8,8,6,5,4,12013.46571857977,29575.8145369509,2.802229430168185,7.193460246728472,40,81,success,185.41624751500785,,,45,0.5,3,600,0.5,15,8,8,8,6,5,4,3,600
7,Decline products vs net revenue,6,7,4,0,0,3,0.8,0.975,40,0,73,False,8,300.0,180.0,180.0,60.0,532239.8143889179,510716.2302252341,484916.143111137,12,8,8,8,5,4,21523.584163683758,47323.6712777809,4.214392041974368,9.759145359476078,40,81,success,331.11695063090883,,,45,0.5,3,700,0.5,15,12,8,8,8,5,4,3,700
7,Decline products vs net revenue,7,8,4,0,0,3,0.8,0.975,40,0,73,False,8,300.0,180.0,180.0,60.0,626686.372282314,592721.4637974002,558683.6383875759,12,8,8,8,5,4,33964.90848491376,68002.73389473814,5.730332130594717,12.171957297872856,40,81,success,332.0270129039418,,,45,0.5,3,800,0.5,15,12,8,8,8,5,4,3,800
7,Decline products vs net revenue,8,9,4,0,0,3,0.8,0.975,40,0,73,False,8,300.0,180.0,180.0,60.0,721191.0469277676,674726.6973695582,632451.1336640102,12,8,8,8,5,4,46464.34955820942,88739.91326375736,6.886395593853341,14.03110984237724,40,81,success,327.9507343140431,,,45,0.5,3,900,0.5,15,12,8,8,8,5,4,3,900
7,Decline products vs net revenue,9,10,4,0,0,3,0.8,0.975,40,0,73,False,8,300.0,180.0,180.0,60.0,815644.0622380608,756731.9309417232,706218.6289404491,12,8,8,8,5,4,58912.13129633758,109425.43329761166,7.785072743398544,15.494554917332662,40,81,success,326.8654431849718,,,45,0.5,3,1000,0.5,15,12,8,8,8,5,4,3,1000
7,Decline products vs net revenue,10,11,3,0,1,3,0.8,0.975,40,0,73,False,8,300.0,180.0,180.0,60.0,41639.48438370437,41102.1793448841,40174.27647559881,7,6,8,4,4,4,537.3050388202755,1465.2079081055635,1.307242212905075,3.64712954817122,40,81,success,16.043723456095904,,,45,0.5,3,100,0.5,15,7,6,8,4,4,4,3,100
7,Decline products vs net revenue,11,12,3,0,1,3,0.8,0.975,40,0,73,False,8,300.0,180.0,180.0,60.0,113150.17429985949,112603.78125849408,111804.87677511954,7,7,8,4,4,4,546.3930413654016,1345.2975247399445,0.4852350740434707,1.203254780599432,40,81,success,15.891373557969928,,,45,0.5,3,200,0.5,15,7,7,8,4,4,4,3,200
7,Decline products vs net revenue,12,13,3,0,1,3,0.8,0.975,40,0,73,False,8,300.0,180.0,180.0,60.0,184660.8642160152,184133.8337997025,183435.4770746405,7,7,8,4,4,4,527.0304163127148,1225.3871413746965,0.2862213887785287,0.6680207999655826,40,81,success,39.353358758147806,,,45,0.5,3,300,0.5,15,7,7,8,4,4,4,3,300
7,Decline products vs net revenue,13,14,3,0,1,3,0.8,0.975,40,0,73,False,8,300.0,180.0,180.0,60.0,256171.55413216967,255663.8863409108,255066.077374161,7,7,8,4,4,4,507.6677912588639,1105.4767580086773,0.198568440198833,0.4334079895646153,40,81,success,54.03963902080432,,,45,0.5,3,400,0.5,15,7,7,8,4,4,4,3,400
7,Decline products vs net revenue,14,15,3,0,1,3,0.8,0.975,40,0,73,False,8,300.0,180.0,180.0,60.0,329127.8662433284,327193.93888212164,326696.6776736822,9,7,8,5,4,4,1933.9273612067336,2431.188569646154,0.5910645434979989,0.7441730313751531,40,81,success,124.94833413604648,,,45,0.5,3,500,0.5,15,9,7,8,5,4,4,3,500
7,Decline products vs net revenue,15,16,3,0,1,3,0.8,0.975,40,0,73,False,8,300.0,180.0,180.0,60.0,405979.9076509564,398723.991423327,398327.2779732029,9,7,8,5,4,4,7255.916227629408,7652.629677753546,1.819784207548668,1.921191467652464,40,81,success,113.51358298095874,,,45,0.5,3,600,0.5,15,9,7,8,5,4,4,3,600
7,Decline products vs net revenue,16,17,3,0,1,3,0.8,0.975,40,0,73,False,8,300.0,180.0,180.0,60.0,488726.0356532141,470254.0439645346,469957.8782727242,14,7,8,7,4,4,18471.991688679496,18768.157380489865,3.928087791217933,3.9935828822510766,40,81,success,313.6093409738969,,,45,0.5,3,700,0.5,15,14,7,8,7,4,4,3,700
7,Decline products vs net revenue,17,18,3,0,1,3,0.8,0.975,40,0,73,False,8,300.0,180.0,180.0,60.0,576330.406820832,544349.1335248431,541588.4785722438,15,8,8,8,5,4,31981.27329598891,34741.92824858823,5.875139928835643,6.414820407586258,40,81,success,318.4139801131096,,,45,0.5,3,800,0.5,15,15,8,8,8,5,4,3,800
7,Decline products vs net revenue,18,19,3,0,1,3,0.8,0.975,40,0,73,False,8,300.0,180.0,180.0,60.0,664920.1648688818,620311.7014879711,613219.0788717668,15,8,8,8,5,4,44608.46338091069,51701.085997115006,7.191298064167781,8.431095472801895,40,81,success,320.6242317198776,,,45,0.5,3,900,0.5,15,15,8,8,8,5,4,3,900
7,Decline products vs net revenue,19,20,3,0,1,3,0.8,0.975,40,0,73,False,8,300.0,180.0,180.0,60.0,753384.1821589142,696266.5181010307,684849.6791712863,15,8,8,8,5,4,57117.664057883434,68534.50298762787,8.203419606282928,10.007232984406036,40,81,success,315.4081102099736,,,45,0.5,3,1000,0.5,15,15,8,8,8,5,4,3,1000
7,Decline products vs net revenue,20,21,2,0,2,3,0.8,0.975,40,0,73,False,8,300.0,180.0,180.0,60.0,37155.883509686486,36765.80464870569,34950.174695490095,6,6,8,4,4,4,390.07886098079325,2205.7088141963904,1.0609827928640905,6.311009411008783,40,81,success,9.030700837029144,,,45,0.5,3,100,0.5,15,6,6,8,4,4,4,3,100
7,Decline products vs net revenue,21,22,2,0,2,3,0.8,0.975,40,0,73,False,8,300.0,180.0,180.0,60.0,103378.01198231408,102987.9331213333,101356.67321490213,6,6,8,4,4,4,390.0788609807787,2021.3387674119585,0.3787617142691994,1.9942828659403773,40,81,success,9.01071480102837,,,45,0.5,3,200,0.5,15,6,6,8,4,4,4,3,200
7,Decline products vs net revenue,22,23,2,0,2,3,0.8,0.975,40,0,73,False,8,300.0,180.0,180.0,60.0,169600.14045494088,169210.0615939601,167763.1717343136,6,6,8,4,4,4,390.0788609807787,1836.9687206272793,0.2305293534593822,1.0949773431420844,40,81,success,9.180620515951889,,,45,0.5,3,300,0.5,15,6,6,8,4,4,4,3,300
7,Decline products vs net revenue,23,24,2,0,2,3,0.8,0.975,40,0,73,False,8,300.0,180.0,180.0,60.0,235822.2689275693,235432.1900665885,234169.67025372613,6,6,8,4,4,4,390.0788609808078,1652.5986738431675,0.1656862899123737,0.705727036320525,40,81,success,17.413985665887594,,,45,0.5,3,400,0.5,15,6,6,8,4,4,4,3,400
7,Decline products vs net revenue,24,25,2,0,2,3,0.8,0.975,40,0,73,False,8,300.0,180.0,180.0,60.0,302044.3974002013,301654.3185392205,300576.1687731405,6,6,8,4,4,4,390.0788609808078,1468.2286270607729,0.1293132028972065,0.4884714024580293,40,81,success,30.80806775088422,,,45,0.5,3,500,0.5,15,6,6,8,4,4,4,3,500
7,Decline products vs net revenue,25,26,2,0,2,3,0.8,0.975,40,0,73,False,8,300.0,180.0,180.0,60.0,368683.2728115206,367876.4470118421,366982.6672925491,8,6,8,5,4,4,806.8257996785105,1700.6055189715116,0.2193197760368003,0.4634021359967479,40,81,success,87.66215011803433,,,45,0.5,3,600,0.5,15,8,6,8,5,4,4,3,600
7,Decline products vs net revenue,26,27,2,0,2,3,0.8,0.975,40,0,73,False,8,300.0,180.0,180.0,60.0,444011.7604414589,434098.5754844697,433389.165811964,12,6,8,7,4,4,9913.184956989193,10622.59462949488,2.2836253138876854,2.451052187609092,40,81,success,218.54057747498155,,,45,0.5,3,700,0.5,15,12,6,8,7,4,4,3,700
7,Decline products vs net revenue,27,28,2,0,2,3,0.8,0.975,40,0,73,False,8,300.0,180.0,180.0,60.0,522461.8076821842,500320.7039570989,499795.66433137417,12,6,8,7,4,4,22141.103725085326,22666.143350810045,4.425382269805861,4.535082028199031,40,81,success,308.00950858485885,,,45,0.5,3,800,0.5,15,12,6,8,7,4,4,3,800
7,Decline products vs net revenue,28,29,2,0,2,3,0.8,0.975,40,0,73,False,8,300.0,180.0,180.0,60.0,600799.4941679398,566542.8324297314,566202.1628507923,12,6,8,7,4,4,34256.66173820838,34597.33131714747,6.046614620697236,6.110420197434797,40,81,success,308.2822500749025,,,45,0.5,3,900,0.5,15,12,6,8,7,4,4,3,900
7,Decline products vs net revenue,29,30,2,0,2,3,0.8,0.975,40,0,73,False,8,300.0,180.0,180.0,60.0,679375.5601589404,633435.75004525,632608.6613702029,12,7,8,7,4,4,45939.81011369033,46766.89878873748,7.252481425370856,7.392706051074674,40,81,success,314.54445991804823,,,45,0.5,3,1000,0.5,15,12,7,8,7,4,4,3,1000
7,Decline products vs net revenue,30,31,1,0,3,3,0.8,0.975,40,0,73,False,8,300.0,180.0,180.0,60.0,31697.892002769782,31502.852572279386,28629.53799182453,5,5,8,4,4,4,195.03943049039663,3068.3540109452515,0.6191167293276152,10.717441587151889,40,81,success,6.918696701992303,,,45,0.5,3,100,0.5,15,5,5,8,4,4,4,3,100
7,Decline products vs net revenue,31,32,1,0,3,3,0.8,0.975,40,0,73,False,8,300.0,180.0,180.0,60.0,91657.06839897108,91462.02896848068,88715.39980757097,5,5,8,4,4,4,195.0394304904039,2941.6685914001137,0.2132463413397681,3.315848880555991,40,81,success,6.84547104802914,,,45,0.5,3,200,0.5,15,5,5,8,4,4,4,3,200
7,Decline products vs net revenue,32,33,1,0,3,3,0.8,0.975,40,0,73,False,8,300.0,180.0,180.0,60.0,151616.24479517154,151421.20536468114,148801.26162331662,5,5,8,4,4,4,195.0394304904039,2814.983171854925,0.1288058895190228,1.891773726341731,40,81,success,8.103934383019805,,,45,0.5,3,300,0.5,15,5,5,8,4,4,4,3,300
7,Decline products vs net revenue,33,34,1,0,3,3,0.8,0.975,40,0,73,False,8,300.0,180.0,180.0,60.0,211575.4211913737,211380.3817608833,208887.12343906387,5,5,8,4,4,4,195.0394304904039,2688.2977523098234,0.092269409708516,1.286961928552776,40,81,success,9.10388096095994,,,45,0.5,3,400,0.5,15,5,5,8,4,4,4,3,400
7,Decline products vs net revenue,34,35,1,0,3,3,0.8,0.975,40,0,73,False,8,300.0,180.0,180.0,60.0,271534.5975875794,271339.558157089,268972.9852548138,5,5,8,4,4,4,195.0394304904039,2561.612332765595,0.0718802049413996,0.9523678856963388,40,81,success,13.197417516028509,,,45,0.5,3,500,0.5,15,5,5,8,4,4,4,3,500
7,Decline products vs net revenue,35,36,1,0,3,3,0.8,0.975,40,0,73,False,8,300.0,180.0,180.0,60.0,331493.7739837746,331298.7345532842,329058.84707055514,5,5,8,4,4,4,195.0394304904039,2434.926913219446,0.0588711667593269,0.7399670104287945,40,81,success,57.41914701112546,,,45,0.5,3,600,0.5,15,5,5,8,4,4,4,3,600
7,Decline products vs net revenue,36,37,1,0,3,3,0.8,0.975,40,0,73,False,8,300.0,180.0,180.0,60.0,398001.4963740393,391257.9109494869,389144.7088863031,10,5,8,6,4,4,6743.585424552439,8856.787487736205,1.7235652585751973,2.275962459590826,40,81,success,154.80146315600723,,,45,0.5,3,700,0.5,15,10,5,8,6,4,4,3,700
7,Decline products vs net revenue,37,38,1,0,3,3,0.8,0.975,40,0,73,False,8,300.0,180.0,180.0,60.0,466248.1342051438,451217.0873456885,449230.5707020497,10,5,8,6,4,4,15031.046859455295,17017.563503094076,3.331222881623639,3.7881579333524393,40,81,success,246.72639886988327,,,45,0.5,3,800,0.5,15,10,5,8,6,4,4,3,800
7,Decline products vs net revenue,38,39,1,0,3,3,0.8,0.975,40,0,73,False,8,300.0,180.0,180.0,60.0,538279.8457665702,511176.2637418881,509316.4325177948,11,5,8,7,4,4,27103.58202468208,28963.41324877541,5.302198859211457,5.686722712949853,40,81,success,298.4113251538947,,,45,0.5,3,900,0.5,15,11,5,8,7,4,4,3,900
7,Decline products vs net revenue,39,40,1,0,3,3,0.8,0.975,40,0,73,False,8,300.0,180.0,180.0,60.0,609681.3408155306,571233.6720943378,569402.2943335494,11,6,8,7,4,4,38447.668721192866,40279.046481981175,6.73063767061045,7.073917137816476,40,81,success,306.1076694589574,,,45,0.5,3,1000,0.5,15,11,6,8,7,4,4,3,1000
7,Decline products vs net revenue,40,41,0,0,4,3,0.8,0.975,40,0,73,False,8,300.0,180.0,180.0,60.0,26234.205167661865,26234.205167661865,22234.20516766188,4,4,8,4,4,4,0.0,3999.9999999999854,0.0,17.990299045264322,40,81,success,5.010018453001976,,,45,0.5,3,100,0.5,15,4,4,8,4,4,4,3,100
7,Decline products vs net revenue,41,42,0,0,4,3,0.8,0.975,40,0,73,False,8,300.0,180.0,180.0,60.0,79924.73415924565,79924.73415924565,75924.73415924568,4,4,8,4,4,4,0.0,3999.999999999971,0.0,5.268375377660607,40,81,success,4.7201345739886165,,,45,0.5,3,200,0.5,15,4,4,8,4,4,4,3,200
7,Decline products vs net revenue,42,43,0,0,4,3,0.8,0.975,40,0,73,False,8,300.0,180.0,180.0,60.0,133615.26315082874,133615.26315082874,129615.26315082936,4,4,8,4,4,4,0.0,3999.999999999389,0.0,3.086056304452902,40,81,success,5.660138288047165,,,45,0.5,3,300,0.5,15,4,4,8,4,4,4,3,300
7,Decline products vs net revenue,43,44,0,0,4,3,0.8,0.975,40,0,73,False,8,300.0,180.0,180.0,60.0,187305.7921424132,187305.7921424132,183305.79214241327,4,4,8,4,4,4,0.0,3999.999999999942,0.0,2.182145993996893,40,81,success,5.358941979007796,,,45,0.5,3,400,0.5,15,4,4,8,4,4,4,3,400
7,Decline products vs net revenue,44,45,0,0,4,3,0.8,0.975,40,0,73,False,8,300.0,180.0,180.0,60.0,240996.32113400043,240996.32113400043,236996.3211339994,4,4,8,4,4,4,0.0,4000.0000000010477,0.0,1.6877899120380944,40,81,success,14.114694692892954,,,45,0.5,3,500,0.5,15,4,4,8,4,4,4,3,500
7,Decline products vs net revenue,45,46,0,0,4,3,0.8,0.975,40,0,73,False,8,300.0,180.0,180.0,60.0,294686.8501255794,294686.8501255794,290686.8501255806,4,4,8,4,4,4,0.0,3999.9999999987776,0.0,1.376051238049029,40,81,success,26.285414025885984,,,45,0.5,3,600,0.5,15,4,4,8,4,4,4,3,600
7,Decline products vs net revenue,46,47,0,0,4,3,0.8,0.975,40,0,73,False,8,300.0,180.0,180.0,60.0,351786.65473166935,348377.3791171656,344377.3791171646,10,4,8,6,4,4,3409.275614503771,7409.275614504761,0.9786156676255292,2.1514989264100204,40,81,success,167.4233215949498,,,45,0.5,3,700,0.5,15,10,4,8,6,4,4,3,700
7,Decline products vs net revenue,47,48,0,0,4,3,0.8,0.975,40,0,73,False,8,300.0,180.0,180.0,60.0,413423.1494653376,402067.9081087483,398067.9081087485,10,4,8,6,4,4,11355.241356589308,15355.241356589133,2.8242098231620183,3.8574426734230185,40,81,success,255.2057452187873,,,45,0.5,3,800,0.5,15,10,4,8,6,4,4,3,800
7,Decline products vs net revenue,48,49,0,0,4,3,0.8,0.975,40,0,73,False,8,300.0,180.0,180.0,60.0,475059.6441989881,455758.43710032856,451758.43710033,10,4,8,6,4,4,19301.207098659535,23301.20709865808,4.2349642985129545,5.157890851628559,40,81,success,305.2954346430488,,,45,0.5,3,900,0.5,15,10,4,8,6,4,4,3,900
7,Decline products vs net revenue,49,50,0,0,4,3,0.8,0.975,40,0,73,False,8,300.0,180.0,180.0,60.0,536696.1389326511,509448.9660919228,505448.9660919207,10,4,8,6,4,4,27247.172840728366,31247.17284073046,5.348361593457823,6.182062866273204,40,81,success,305.20155358104967,,,45,0.5,3,1000,0.5,15,10,4,8,6,4,4,3,1000
8,Decline products vs decline demand level,0,1,4,0,0,3,0.8,0.975,40,0,73,False,8,300.0,180.0,180.0,60.0,192193.19388778624,189837.44470429813,189846.16200539024,8,4,8,5,4,4,2355.7491834881075,2347.031882395997,1.240929673888921,1.2362809221970934,40,81,success,191.791549339192,,,45,0.5,3,300,0.5,5,8,4,8,5,4,4,3,300
8,Decline products vs decline demand level,1,2,4,0,0,3,0.8,0.975,40,0,73,False,8,300.0,180.0,180.0,60.0,192193.19388778624,189837.44470429813,189846.16200539024,8,4,8,5,4,4,2355.7491834881075,2347.031882395997,1.240929673888921,1.2362809221970934,40,81,success,190.5850682388991,,,45,0.5,3,300,0.5,10,8,4,8,5,4,4,3,300
8,Decline products vs decline demand level,2,3,4,0,0,3,0.8,0.975,40,0,73,False,8,300.0,180.0,180.0,60.0,192193.19388778624,189837.44470429813,189846.16200539024,8,4,8,5,4,4,2355.7491834881075,2347.031882395997,1.240929673888921,1.2362809221970934,40,81,success,191.46400335198268,,,45,0.5,3,300,0.5,15,8,4,8,5,4,4,3,300
8,Decline products vs decline demand level,3,4,4,0,0,3,0.8,0.975,40,0,73,False,8,300.0,180.0,180.0,60.0,192193.19388778624,189837.44470429813,189846.16200539024,8,4,8,5,4,4,2355.7491834881075,2347.031882395997,1.240929673888921,1.2362809221970934,40,81,success,190.6469540069811,,,45,0.5,3,300,0.5,20,8,4,8,5,4,4,3,300
8,Decline products vs decline demand level,4,5,4,0,0,3,0.8,0.975,40,0,73,False,8,300.0,180.0,180.0,60.0,192193.19388778624,189837.44470429813,189846.16200539024,8,4,8,5,4,4,2355.7491834881075,2347.031882395997,1.240929673888921,1.2362809221970934,40,81,success,164.03769383300096,,,45,0.5,3,300,0.5,25,8,4,8,5,4,4,3,300
8,Decline products vs decline demand level,5,6,4,0,0,3,0.8,0.975,40,0,73,False,8,300.0,180.0,180.0,60.0,192193.19388778624,189837.44470429813,189846.16200539024,8,4,8,5,4,4,2355.7491834881075,2347.031882395997,1.240929673888921,1.2362809221970934,40,81,success,185.5782793839462,,,45,0.5,3,300,0.5,30,8,4,8,5,4,4,3,300
8,Decline products vs decline demand level,6,7,3,0,1,3,0.8,0.975,40,0,73,False,8,300.0,180.0,180.0,60.0,175005.5576044393,174478.52718812667,173565.2845363087,7,7,8,4,4,4,527.0304163126275,1440.2730681305984,0.3020603307502541,0.829816326449373,40,81,success,13.500109627842903,,,45,0.5,3,300,0.5,5,7,7,8,4,4,4,3,300
8,Decline products vs decline demand level,7,8,3,0,1,3,0.8,0.975,40,0,73,False,8,300.0,180.0,180.0,60.0,180245.40166178468,179718.37124547214,178892.4143258042,7,7,8,4,4,4,527.0304163125402,1352.9873359804915,0.2932535013867249,0.7563134194814939,40,81,success,24.066728706937283,,,45,0.5,3,300,0.5,10,7,7,8,4,4,4,3,300
8,Decline products vs decline demand level,8,9,3,0,1,3,0.8,0.975,40,0,73,False,8,300.0,180.0,180.0,60.0,184660.8642160152,184133.8337997025,183435.4770746405,7,7,8,4,4,4,527.0304163127148,1225.3871413746965,0.2862213887785287,0.6680207999655826,40,81,success,39.37180615402758,,,45,0.5,3,300,0.5,15,7,7,8,4,4,4,3,300
8,Decline products vs decline demand level,9,10,3,0,1,3,0.8,0.975,40,0,73,False,8,300.0,180.0,180.0,60.0,187728.26908048807,187201.23866417533,186757.67045802576,7,7,8,4,4,4,527.0304163127439,970.5986224623048,0.2815314792110788,0.5197101784798976,40,81,success,52.39368498488329,,,45,0.5,3,300,0.5,20,7,7,8,4,4,4,3,300
8,Decline products vs decline demand level,10,11,3,0,1,3,0.8,0.975,40,0,73,False,8,300.0,180.0,180.0,60.0,189592.02528203887,188921.9022080436,188897.45978601492,8,7,8,4,4,4,670.1230739952589,694.5654960239481,0.3547090444057347,0.36769446069349,40,81,success,139.7241644889582,,,45,0.5,3,300,0.5,25,8,7,8,4,4,4,3,300
8,Decline products vs decline demand level,11,12,3,0,1,3,0.8,0.975,40,0,73,False,8,300.0,180.0,180.0,60.0,192480.98617187227,190719.42698108847,190079.2437925618,8,4,8,5,4,4,1761.5591907837952,2401.7423793104535,0.9236390957479488,1.263547945261995,40,81,success,186.426436081063,,,45,0.5,3,300,0.5,30,8,4,8,5,4,4,3,300
8,Decline products vs decline demand level,12,13,2,0,2,3,0.8,0.975,40,0,73,False,8,300.0,180.0,180.0,60.0,144825.8109541232,144435.73208551673,142488.36932664085,6,6,8,4,4,4,390.07886860647704,2337.4416274823598,0.2700708910282126,1.6404438050126042,40,81,success,7.426892940886319,,,45,0.5,3,300,0.5,5,6,6,8,4,4,4,3,300
8,Decline products vs decline demand level,13,14,2,0,2,3,0.8,0.975,40,0,73,False,8,300.0,180.0,180.0,60.0,157418.775268948,157028.69640796722,155169.72906571018,6,6,8,4,4,4,390.0788609807787,2249.0462032378127,0.2484124684875032,1.449410408060584,40,81,success,8.243483697995543,,,45,0.5,3,300,0.5,10,6,6,8,4,4,4,3,300
8,Decline products vs decline demand level,14,15,2,0,2,3,0.8,0.975,40,0,73,False,8,300.0,180.0,180.0,60.0,169600.14045494088,169210.0615939601,167763.1717343136,6,6,8,4,4,4,390.0788609807787,1836.9687206272793,0.2305293534593822,1.0949773431420844,40,81,success,9.112364397151396,,,45,0.5,3,300,0.5,15,6,6,8,4,4,4,3,300
8,Decline products vs decline demand level,15,16,2,0,2,3,0.8,0.975,40,0,73,False,8,300.0,180.0,180.0,60.0,180527.6023650877,179777.47792295754,179189.12050394272,7,6,8,4,4,4,750.1244421301526,1338.4818611449737,0.4172516217252039,0.7469660308509529,40,81,success,20.64494880894199,,,45,0.5,3,300,0.5,20,7,6,8,4,4,4,3,300
8,Decline products vs decline demand level,16,17,2,0,2,3,0.8,0.975,40,0,73,False,8,300.0,180.0,180.0,60.0,188104.0831043521,187537.9929763183,187186.74952780292,7,7,8,4,4,4,566.0901280338003,917.3335765491647,0.3018535706017252,0.490063307826649,40,81,success,54.26672993390821,,,45,0.5,3,300,0.5,25,7,7,8,4,4,4,3,300
8,Decline products vs decline demand level,17,18,2,0,2,3,0.8,0.975,40,0,73,False,8,300.0,180.0,180.0,60.0,192732.5872839359,191586.9198810828,190327.79435139697,8,4,8,5,4,4,1145.6674028530833,2404.792932538927,0.5979883196432322,1.2635006572392806,40,81,success,177.91298538912088,,,45,0.5,3,300,0.5,30,8,4,8,5,4,4,3,300
8,Decline products vs decline demand level,18,19,1,0,3,3,0.8,0.975,40,0,73,False,8,300.0,180.0,180.0,60.0,113730.95501680084,113535.91558631044,110574.82285682812,5,5,8,4,4,4,195.0394304904039,3156.1321599727235,0.1717865483210197,2.854295470189668,40,81,success,5.803263182984665,,,45,0.5,3,300,0.5,5,5,5,8,4,4,4,3,300
8,Decline products vs decline demand level,19,20,1,0,3,3,0.8,0.975,40,0,73,False,8,300.0,180.0,180.0,60.0,132729.54090240592,132534.50147191552,129615.2631508266,5,5,8,4,4,4,195.0394304904039,3114.277751579313,0.1471612510888218,2.402709122270117,40,81,success,6.660585737088695,,,45,0.5,3,300,0.5,10,5,5,8,4,4,4,3,300
8,Decline products vs decline demand level,20,21,1,0,3,3,0.8,0.975,40,0,73,False,8,300.0,180.0,180.0,60.0,151616.24479517154,151421.20536468114,148801.26162331662,5,5,8,4,4,4,195.0394304904039,2814.983171854925,0.1288058895190228,1.891773726341731,40,81,success,8.191224996000528,,,45,0.5,3,300,0.5,15,5,5,8,4,4,4,3,300
8,Decline products vs decline demand level,21,22,1,0,3,3,0.8,0.975,40,0,73,False,8,300.0,180.0,180.0,60.0,169922.48652151923,169413.8944791252,167871.18290068806,6,5,8,4,4,4,508.5920423940115,2051.303620831168,0.3002068065064806,1.2219510135010725,40,81,success,10.26879874104634,,,45,0.5,3,300,0.5,20,6,5,8,4,4,4,3,300
8,Decline products vs decline demand level,22,23,1,0,3,3,0.8,0.975,40,0,73,False,8,300.0,180.0,180.0,60.0,185253.6514906113,184865.57277180607,184223.12530132988,7,6,8,4,4,4,388.07871880522,1030.5261892814015,0.2099248188759127,0.5593902435407018,40,81,success,75.70199374505319,,,45,0.5,3,300,0.5,25,7,6,8,4,4,4,3,300
8,Decline products vs decline demand level,23,24,1,0,3,3,0.8,0.975,40,0,73,False,8,300.0,180.0,180.0,60.0,192989.75874039065,192486.57681413932,190550.72279753856,8,4,8,5,4,4,503.1819262513309,2439.0359428520896,0.261411436880159,1.2799930155308736,40,81,success,250.36157712899148,,,45,0.5,3,300,0.5,30,8,4,8,5,4,4,3,300
8,Decline products vs decline demand level,24,25,0,0,4,3,0.8,0.975,40,0,73,False,8,300.0,180.0,180.0,60.0,82646.67812884657,82646.67812884657,78646.6781288466,4,4,8,4,4,4,0.0,3999.999999999971,0.0,5.086038082176572,40,81,success,4.256707152118906,,,45,0.5,3,300,0.5,5,4,4,8,4,4,4,3,300
8,Decline products vs decline demand level,25,26,0,0,4,3,0.8,0.975,40,0,73,False,8,300.0,180.0,180.0,60.0,108033.93185417703,108033.93185417703,104033.93185417716,4,4,8,4,4,4,0.0,3999.999999999869,0.0,3.844899379182001,40,81,success,5.083231728989631,,,45,0.5,3,300,0.5,10,4,4,8,4,4,4,3,300
8,Decline products vs decline demand level,26,27,0,0,4,3,0.8,0.975,40,0,73,False,8,300.0,180.0,180.0,60.0,133615.26315082874,133615.26315082874,129615.26315082936,4,4,8,4,4,4,0.0,3999.999999999389,0.0,3.086056304452902,40,81,success,5.596105427015573,,,45,0.5,3,300,0.5,15,4,4,8,4,4,4,3,300
8,Decline products vs decline demand level,27,28,0,0,4,3,0.8,0.975,40,0,73,False,8,300.0,180.0,180.0,60.0,159117.70954433078,159117.70954433078,155194.41621908487,4,4,8,4,4,4,0.0,3923.2933252459043,0.0,2.527986135601341,40,81,success,6.794334559002891,,,45,0.5,3,300,0.5,20,4,4,8,4,4,4,3,300
8,Decline products vs decline demand level,28,29,0,0,4,3,0.8,0.975,40,0,73,False,8,300.0,180.0,180.0,60.0,182010.7056253624,182010.7056253624,179828.9806737989,4,4,8,4,4,4,0.0,2181.7249515634903,0.0,1.213222108799585,40,81,success,17.23799500684254,,,45,0.5,3,300,0.5,25,4,4,8,4,4,4,3,300
8,Decline products vs decline demand level,29,30,0,0,4,3,0.8,0.975,40,0,73,False,8,300.0,180.0,180.0,60.0,193440.8761434505,193440.8761434505,190734.1914221947,4,4,8,4,4,4,0.0,2706.6847212557914,0.0,1.4190873178393484,40,81,success,196.56768658314832,,,45,0.5,3,300,0.5,30,4,4,8,4,4,4,3,300
9,Decline products vs decline slope,0,1,4,0,0,3,0.8,0.975,40,0,73,False,8,300.0,180.0,180.0,60.0,192193.19388778624,189837.44470429813,189846.16200539024,8,4,8,5,4,4,2355.7491834881075,2347.031882395997,1.240929673888921,1.2362809221970934,40,81,success,176.73529638396576,,,45,0.5,3,300,0.5,15,8,4,8,5,4,4,3,300
9,Decline products vs decline slope,1,2,4,0,0,3,0.8,0.975,40,0,73,False,8,300.0,180.0,180.0,60.0,192193.19388778624,189837.44470429813,189846.16200539024,8,4,8,5,4,4,2355.7491834881075,2347.031882395997,1.240929673888921,1.2362809221970934,40,81,success,169.76420845207758,,,45,0.5,3,300,1.0,15,8,4,8,5,4,4,3,300
9,Decline products vs decline slope,2,3,4,0,0,3,0.8,0.975,40,0,73,False,8,300.0,180.0,180.0,60.0,192193.19388778624,189837.44470429813,189846.16200539024,8,4,8,5,4,4,2355.7491834881075,2347.031882395997,1.240929673888921,1.2362809221970934,40,81,success,171.69530675199348,,,45,0.5,3,300,1.5,15,8,4,8,5,4,4,3,300
9,Decline products vs decline slope,3,4,4,0,0,3,0.8,0.975,40,0,73,False,8,300.0,180.0,180.0,60.0,192193.19388778624,189837.44470429813,189846.16200539024,8,4,8,5,4,4,2355.7491834881075,2347.031882395997,1.240929673888921,1.2362809221970934,40,81,success,207.6925768830115,,,45,0.5,3,300,2.0,15,8,4,8,5,4,4,3,300
9,Decline products vs decline slope,4,5,4,0,0,3,0.8,0.975,40,0,73,False,8,300.0,180.0,180.0,60.0,192193.19388778624,189837.44470429813,189846.16200539024,8,4,8,5,4,4,2355.7491834881075,2347.031882395997,1.240929673888921,1.2362809221970934,40,81,success,177.07034026703332,,,45,0.5,3,300,2.5,15,8,4,8,5,4,4,3,300
9,Decline products vs decline slope,5,6,4,0,0,3,0.8,0.975,40,0,73,False,8,300.0,180.0,180.0,60.0,192193.19388778624,189837.44470429813,189846.16200539024,8,4,8,5,4,4,2355.7491834881075,2347.031882395997,1.240929673888921,1.2362809221970934,40,81,success,174.0165471410146,,,45,0.5,3,300,3.0,15,8,4,8,5,4,4,3,300
9,Decline products vs decline slope,6,7,4,0,0,3,0.8,0.975,40,0,73,False,8,300.0,180.0,180.0,60.0,192193.19388778624,189837.44470429813,189846.16200539024,8,4,8,5,4,4,2355.7491834881075,2347.031882395997,1.240929673888921,1.2362809221970934,40,81,success,171.8061522290809,,,45,0.5,3,300,3.5,15,8,4,8,5,4,4,3,300
9,Decline products vs decline slope,7,8,4,0,0,3,0.8,0.975,40,0,73,False,8,300.0,180.0,180.0,60.0,192193.19388778624,189837.44470429813,189846.16200539024,8,4,8,5,4,4,2355.7491834881075,2347.031882395997,1.240929673888921,1.2362809221970934,40,81,success,176.71433072700165,,,45,0.5,3,300,4.0,15,8,4,8,5,4,4,3,300
9,Decline products vs decline slope,8,9,3,0,1,3,0.8,0.975,40,0,73,False,8,300.0,180.0,180.0,60.0,184801.64935957003,184274.61894325743,183524.1492226301,7,7,8,4,4,4,527.0304163125984,1277.5001369399251,0.2860027166708637,0.6960937524304831,40,81,success,57.887387265916914,,,45,0.5,3,300,0.5,15,7,7,8,4,4,4,3,300
9,Decline products vs decline slope,9,10,3,0,1,3,0.8,0.975,40,0,73,False,8,300.0,180.0,180.0,60.0,184660.8642160152,184133.8337997025,183435.4770746405,7,7,8,4,4,4,527.0304163127148,1225.3871413746965,0.2862213887785287,0.6680207999655826,40,81,success,51.41503016895149,,,45,0.5,3,300,1.0,15,7,7,8,4,4,4,3,300
9,Decline products vs decline slope,10,11,3,0,1,3,0.8,0.975,40,0,73,False,8,300.0,180.0,180.0,60.0,184399.19848921907,183872.16807290656,183260.4867293329,7,7,8,4,4,4,527.0304163125111,1138.7117598861805,0.2866287061473817,0.6213624007056164,40,81,success,45.57831059989985,,,45,0.5,3,300,1.5,15,7,7,8,4,4,4,3,300
9,Decline products vs decline slope,11,12,3,0,1,3,0.8,0.975,40,0,73,False,8,300.0,180.0,180.0,60.0,184068.5290225877,183541.49860627443,183005.14288132967,7,7,8,4,4,4,527.0304163132678,1063.38614125803,0.2871450981468945,0.5810689932072172,40,81,success,62.38906848698389,,,45,0.5,3,300,2.0,15,7,7,8,4,4,4,3,300
9,Decline products vs decline slope,12,13,3,0,1,3,0.8,0.975,40,0,73,False,8,300.0,180.0,180.0,60.0,183673.61927014592,183146.58885383292,182687.77410135115,7,7,8,4,4,4,527.0304163130058,985.8451687947672,0.2877642546395249,0.5396339047011823,40,81,success,51.50402922509238,,,45,0.5,3,300,2.5,15,7,7,8,4,4,4,3,300
9,Decline products vs decline slope,13,14,3,0,1,3,0.8,0.975,40,0,73,False,8,300.0,180.0,180.0,60.0,183381.50004874848,182854.46963243585,182451.30484629868,7,7,8,4,4,4,527.0304163126275,930.1952024498023,0.2882239725241962,0.5098320361333787,40,81,success,51.56705349299591,,,45,0.5,3,300,3.0,15,7,7,8,4,4,4,3,300
9,Decline products vs decline slope,14,15,3,0,1,3,0.8,0.975,40,0,73,False,8,300.0,180.0,180.0,60.0,183188.1572739498,182661.12685763653,182304.56649985464,7,7,8,4,4,4,527.0304163132678,883.5907740951516,0.2885290512436012,0.4846783550514386,40,81,success,52.42795369995292,,,45,0.5,3,300,3.5,15,7,7,8,4,4,4,3,300
9,Decline products vs decline slope,15,16,3,0,1,3,0.8,0.975,40,0,73,False,8,300.0,180.0,180.0,60.0,183037.76479970323,182510.73438339075,182186.60521125369,7,7,8,4,4,4,527.030416312482,851.1595884495473,0.2887668049186503,0.4671910909490788,40,81,success,59.215292330947705,,,45,0.5,3,300,4.0,15,7,7,8,4,4,4,3,300
9,Decline products vs decline slope,16,17,2,0,2,3,0.8,0.975,40,0,73,False,8,300.0,180.0,180.0,60.0,169839.03261589355,169448.95375491277,167831.0255317108,6,6,8,4,4,4,390.0788609807787,2008.0070841827546,0.2302043490601778,1.1964456975825082,40,81,success,14.023394925054165,,,45,0.5,3,300,0.5,15,6,6,8,4,4,4,3,300
9,Decline products vs decline slope,17,18,2,0,2,3,0.8,0.975,40,0,73,False,8,300.0,180.0,180.0,60.0,169600.14045494088,169210.0615939601,167763.1717343136,6,6,8,4,4,4,390.0788609807787,1836.9687206272793,0.2305293534593822,1.0949773431420844,40,81,success,10.357003686018288,,,45,0.5,3,300,1.0,15,6,6,8,4,4,4,3,300
9,Decline products vs decline slope,18,19,2,0,2,3,0.8,0.975,40,0,73,False,8,300.0,180.0,180.0,60.0,169209.45055293402,168819.37169195325,167621.8737939321,6,6,8,4,4,4,390.0788609807787,1587.5767590019095,0.2310628555664573,0.9471178928315857,40,81,success,12.706108252052218,,,45,0.5,3,300,1.5,15,6,6,8,4,4,4,3,300
9,Decline products vs decline slope,19,20,2,0,2,3,0.8,0.975,40,0,73,False,8,300.0,180.0,180.0,60.0,168682.34773304715,168292.26887206637,167405.9858202603,6,6,8,4,4,4,390.0788609807787,1276.3619127868442,0.2317865601285057,0.7624350506541878,40,81,success,14.80940724699758,,,45,0.5,3,300,2.0,15,6,6,8,4,4,4,3,300
9,Decline products vs decline slope,20,21,2,0,2,3,0.8,0.975,40,0,73,False,8,300.0,180.0,180.0,60.0,168426.21507667215,167598.3108588866,167097.4486221461,7,6,8,4,4,4,827.9042177855445,1328.7664545260486,0.4939812421394975,0.7952045141818772,40,81,success,21.878553209011443,,,45,0.5,3,300,2.5,15,7,6,8,4,4,4,3,300
9,Decline products vs decline slope,21,22,2,0,2,3,0.8,0.975,40,0,73,False,8,300.0,180.0,180.0,60.0,168175.8392504345,167596.64349599186,167000.68211695855,7,7,8,4,4,4,579.195754442655,1175.1571334759647,0.3455891134576968,0.7036840320526033,40,81,success,21.844646897050552,,,45,0.5,3,300,3.0,15,7,7,8,4,4,4,3,300
9,Decline products vs decline slope,22,23,2,0,2,3,0.8,0.975,40,0,73,False,8,300.0,180.0,180.0,60.0,168098.36939551152,167519.1736410693,167082.8858811386,7,7,8,4,4,4,579.1957544422185,1015.4835143729288,0.345748932407712,0.6077723095442196,40,81,success,21.12246765301097,,,45,0.5,3,300,3.5,15,7,7,8,4,4,4,3,300
9,Decline products vs decline slope,23,24,2,0,2,3,0.8,0.975,40,0,73,False,8,300.0,180.0,180.0,60.0,168029.44467830122,167417.16436812235,167210.87741105273,8,7,8,4,4,4,612.2803101788741,818.5672672484943,0.3657213479213947,0.4895418766544829,40,81,success,26.53045270999428,,,45,0.5,3,300,4.0,15,8,7,8,4,4,4,3,300
9,Decline products vs decline slope,24,25,1,0,3,3,0.8,0.975,40,0,73,False,8,300.0,180.0,180.0,60.0,151732.70952553116,151559.29339252226,148801.26162331598,5,5,8,4,4,4,173.4161330088973,2931.447902215179,0.1144213126936189,1.970042370766999,40,81,success,8.04358549497556,,,45,0.5,3,300,0.5,15,5,5,8,4,4,4,3,300
9,Decline products vs decline slope,25,26,1,0,3,3,0.8,0.975,40,0,73,False,8,300.0,180.0,180.0,60.0,151616.24479517154,151421.20536468114,148801.26162331662,5,5,8,4,4,4,195.0394304904039,2814.983171854925,0.1288058895190228,1.891773726341731,40,81,success,9.489436145988291,,,45,0.5,3,300,1.0,15,5,5,8,4,4,4,3,300
9,Decline products vs decline slope,26,27,1,0,3,3,0.8,0.975,40,0,73,False,8,300.0,180.0,180.0,60.0,151417.3161284196,151222.27669792922,148782.6986567032,5,5,8,4,4,4,195.0394304903748,2634.617471716396,0.1289753300566765,1.770782151085614,40,81,success,8.782423538039438,,,45,0.5,3,300,1.5,15,5,5,8,4,4,4,3,300
9,Decline products vs decline slope,27,28,1,0,3,3,0.8,0.975,40,0,73,False,8,300.0,180.0,180.0,60.0,151060.21814263356,150865.17871214318,148731.2141094706,5,5,8,4,4,4,195.0394304903748,2329.004033162957,0.1292806147550574,1.5659147591229508,40,81,success,12.796194382943211,,,45,0.5,3,300,2.0,15,5,5,8,4,4,4,3,300
9,Decline products vs decline slope,28,29,1,0,3,3,0.8,0.975,40,0,73,False,8,300.0,180.0,180.0,60.0,150386.96242250997,150191.9229920196,148620.59761497626,5,5,8,4,4,4,195.0394304903748,1766.3648075337114,0.1298601326921808,1.1885060589715444,40,81,success,9.442800123011692,,,45,0.5,3,300,2.5,15,5,5,8,4,4,4,3,300
9,Decline products vs decline slope,29,30,1,0,3,3,0.8,0.975,40,0,73,False,8,300.0,180.0,180.0,60.0,150168.79891131824,149648.83950131017,148887.08560887154,6,5,8,4,4,4,519.9594100080722,1281.713302446704,0.3474530185070495,0.8608626444699057,40,81,success,11.227905250969345,,,45,0.5,3,300,3.0,15,6,5,8,4,4,4,3,300
9,Decline products vs decline slope,30,31,1,0,3,3,0.8,0.975,40,0,73,False,8,300.0,180.0,180.0,60.0,150257.3937201039,149614.56174488712,149440.50833845552,7,6,8,4,4,4,642.8319752167736,816.8853816483752,0.4296586961320571,0.5466291507776986,40,81,success,16.075843818951398,,,45,0.5,3,300,3.5,15,7,6,8,4,4,4,3,300
9,Decline products vs decline slope,31,32,1,0,3,3,0.8,0.975,40,0,73,False,8,300.0,180.0,180.0,60.0,150947.98681788615,149826.1246616413,150040.01912294675,8,7,8,4,4,4,1121.8621562448388,907.9676949394052,0.7487760621042476,0.605150346052251,40,81,success,12.859017460956238,,,45,0.5,3,300,4.0,15,8,7,8,4,4,4,3,300
9,Decline products vs decline slope,32,33,0,0,4,3,0.8,0.975,40,0,73,False,8,300.0,180.0,180.0,60.0,133615.26315082784,133615.26315082784,129615.26315082752,4,4,8,4,4,4,0.0,4000.00000000032,0.0,3.0860563044536646,40,81,success,7.793049440020695,,,45,0.5,3,300,0.5,15,4,4,8,4,4,4,3,300
9,Decline products vs decline slope,33,34,0,0,4,3,0.8,0.975,40,0,73,False,8,300.0,180.0,180.0,60.0,133615.26315082874,133615.26315082874,129615.26315082936,4,4,8,4,4,4,0.0,3999.999999999389,0.0,3.086056304452902,40,81,success,6.509537306032144,,,45,0.5,3,300,1.0,15,4,4,8,4,4,4,3,300
9,Decline products vs decline slope,34,35,0,0,4,3,0.8,0.975,40,0,73,False,8,300.0,180.0,180.0,60.0,133615.26315082825,133615.26315082825,129615.26315082936,4,4,8,4,4,4,0.0,3999.999999998894,0.0,3.0860563044525207,40,81,success,6.433844337007031,,,45,0.5,3,300,1.5,15,4,4,8,4,4,4,3,300
9,Decline products vs decline slope,35,36,0,0,4,3,0.8,0.975,40,0,73,False,8,300.0,180.0,180.0,60.0,133460.25404826095,133460.25404826095,129607.81487342196,4,4,8,4,4,4,0.0,3852.43917483899,0.0,2.9723818572216167,40,81,success,6.500743082957342,,,45,0.5,3,300,2.0,15,4,4,8,4,4,4,3,300
9,Decline products vs decline slope,36,37,0,0,4,3,0.8,0.975,40,0,73,False,8,300.0,180.0,180.0,60.0,132816.37325409558,132816.37325409558,129570.88358101566,4,4,8,4,4,4,0.0,3245.489673079923,0.0,2.504798596245308,40,81,success,6.678981803008355,,,45,0.5,3,300,2.5,15,4,4,8,4,4,4,3,300
9,Decline products vs decline slope,37,38,0,0,4,3,0.8,0.975,40,0,73,False,8,300.0,180.0,180.0,60.0,132247.7421627032,132247.7421627032,130065.8812455301,4,4,8,4,4,4,0.0,2181.860917173093,0.0,1.6775044279708642,40,81,success,8.756616720929742,,,45,0.5,3,300,3.0,15,4,4,8,4,4,4,3,300
9,Decline products vs decline slope,38,39,0,0,4,3,0.8,0.975,40,0,73,False,8,300.0,180.0,180.0,60.0,131887.78012263458,131887.78012263458,131017.206268659,4,4,8,4,4,4,0.0,870.5738539755694,0.0,0.6644729183054041,40,81,success,8.905656915041618,,,45,0.5,3,300,3.5,15,4,4,8,4,4,4,3,300
9,Decline products vs decline slope,39,40,0,0,4,3,0.8,0.975,40,0,73,False,8,300.0,180.0,180.0,60.0,133080.58758760482,132075.78970671023,132086.17044917808,8,8,8,4,4,4,1004.7978808945918,994.4171384267393,0.7607737066163778,0.7528548485016109,40,81,success,8.744316192925908,,,45,0.5,3,300,4.0,15,8,8,8,4,4,4,3,300
