Product,Year,Low,Base,High
Decline 1,2025,2894.7773,3456.259145,4072.129212
Decline 1,2026,2600.388435,3407.943895,4050.943895
Decline 1,2027,2543.388435,3113.55503,3670.555031
Decline 1,2028,2666.7773,3047.166165,3736.943895
Decline 1,2029,1565.66638,2259.22184,2882.610705
Decline 1,2030,473.9443251,977.7220551,1544.11092
Decline 1,2031,239.7990071,977.7220551,1544.11092
Decline 1,2032,32.8432985,607.5554601,1256.713338
Decline 2,2025,663.8815771,1097.826268,1382.830353
Decline 2,2026,496.8337191,782.7680227,1089.841929
Decline 2,2027,464.2887564,823.0560987,1065.886626
Decline 2,2028,483.5003857,853.1148208,1179.327024
Decline 2,2029,458.4887564,853.1148208,1189.841929
Decline 2,2030,397.4300391,793.1148207,991.393526
Decline 2,2031,404.3279044,665.5923062,944.9238804
Decline 2,2032,379.4511235,714.3560987,1194.99404
Decline 3,2025,1223,2375.133859,2599
Decline 3,2026,1062,1923,2314
Decline 3,2027,670,1645,2188
Decline 3,2028,458.0181405,1119,1497.667701
Decline 3,2029,268,526.0000001,1171.788571
Decline 3,2030,201,392,691.2601275
Decline 3,2031,134,201,492.4739318
Decline 3,2032,67,316.305327,584.2266571
Decline 4,2025,214.4533333,559.68,1091.52
Decline 4,2026,208.4533333,549.68,1063.02
Decline 4,2027,191.7866667,539.68,1019.52
Decline 4,2028,181.12,529.68,1004.52
Decline 4,2029,76.43331867,373.12,744.18
Decline 4,2030,36.66666667,186.5600001,458.3400002
Decline 4,2031,0,0,0
Decline 4,2032,0,0,0
Decline 5,2025,1809.32464,2040.800368,2040.800368
Decline 5,2026,1297.792,1710.304,1910.304
Decline 5,2027,1152.897648,1592.103307,1792.103307
Decline 5,2028,1152.897648,1511.695501,1711.695501
Decline 5,2029,964.182804,1356.812827,1556.812827
Decline 5,2030,843.004,1218.610036,1418.610036
Decline 5,2031,416.4759425,1020.198713,1367.367525
Decline 5,2032,189.5069516,823.9449517,1111.797171
Growth 1,2025,0,0,0
Growth 1,2026,0,0,0
Growth 1,2027,0,0,0
Growth 1,2028,12.86693097,48.99999999,73.49999999
Growth 1,2029,79.01491413,79.01491413,147
Growth 1,2030,147,161.1043138,241.6564707
Growth 1,2031,194.5313599,194.5313599,294
Growth 1,2032,196,198.8655466,298.2983199
Growth 2,2025,0,0,0
Growth 2,2026,0,0,0
Growth 2,2027,0,0,0
Growth 2,2028,0,115,1083
Growth 2,2029,115,460,1549
Growth 2,2030,230,1610,2820
Growth 2,2031,690,3450,4781
Growth 2,2032,1265,3758.265744,5758.265744
Growth 3,2025,0,0,0
Growth 3,2026,0,0,0
Growth 3,2027,46.48360656,55.76354826,71.55173043
Growth 3,2028,91.44756544,172.0499227,365.2770063
Growth 3,2029,367.0185388,789.1875069,1442.793851
Growth 3,2030,758.976408,2013.330648,3070.038021
Growth 3,2031,1038.178471,2975.817231,4124.136222
Growth 3,2032,1679.068804,4040.98506,5688.024813
Growth 4,2025,0,0,0
Growth 4,2026,0,0,0
Growth 4,2027,0,0,0
Growth 4,2028,0,0.036969178,0.055453767
Growth 4,2029,0.75,2.444174196,3.666261294
Growth 4,2030,35.12,39.279279,58.9189185
Growth 4,2031,119.5,121.9648213,182.947232
Growth 4,2032,105.198,168.129366,252.194049
Growth 5,2025,0,0,0
Growth 5,2026,0,0,0
Growth 5,2027,3.711344179,14.78274778,14.78274778
Growth 5,2028,24.12748395,77.21633571,93.0650761
Growth 5,2029,58.41395903,168.7795756,225.5690067
Growth 5,2030,86.00016675,235.2845834,331.837604
Growth 5,2031,103.3280894,274.3130356,395.9472962
Growth 5,2032,118.15574,307.8233761,449.7006275
Growth 6,2025,0,0,0
Growth 6,2026,0,127,190
Growth 6,2027,0,289.2264985,815.8364985
Growth 6,2028,404.8659044,1451.424447,2053.264447
Growth 6,2029,1127.547098,3787.146281,4464.216281
Growth 6,2030,2224.568158,7476.161161,8228.461161
Growth 6,2031,3385.53918,11429.1313,12256.6613
Growth 6,2032,4198.824283,14217.23982,15119.99982
Growth 7,2025,93.73946666,159.7394667,215.2184
Growth 7,2026,187.4789333,242.9578667,333.6516932
Growth 7,2027,287.0685692,373.9353065,489.4022653
Growth 7,2028,468.1073593,639.8787984,835.2893713
Growth 7,2029,610.666967,877.2871368,1163.923767
Growth 7,2030,736.5398098,1028.385008,1394.012203
Growth 7,2031,796.2716264,1096.432133,1223.348171
Growth 7,2032,710.5446219,1149.609816,1319.852451
Growth 8,2025,0,0,0
Growth 8,2026,0,0,0
Growth 8,2027,0,0,0
Growth 8,2028,0,0,0
Growth 8,2029,0,0,0
Growth 8,2030,0,0,0
Growth 8,2031,0,96.39344262,308.852459
Growth 8,2032,0,545.4421738,1434.681788
Growth 9,2025,0,0,0
Growth 9,2026,0,0,0
Growth 9,2027,0,0,0
Growth 9,2028,420.5743846,684.6243048,1358.224305
Growth 9,2029,1836.071143,3137.725002,4302.525002
Growth 9,2030,3774.986971,6550.566579,8206.566576
Growth 9,2031,5274.56421,9302.979184,11450.17918
Growth 9,2032,6166.945734,11088.26749,13726.66749
Mature 1,2025,38.2,103.3,228
Mature 1,2026,38.2,103.3,228
Mature 1,2027,38.2,103.3,228
Mature 1,2028,61.33333333,149.3,289.95
Mature 1,2029,62.19999999,149.3,292.95
Mature 1,2030,61.33333333,149.3,297.3308939
Mature 1,2031,91.79059773,297.8258984,566.9015648
Mature 1,2032,108.2223361,339.3104838,558.6735597
Mature 2,2025,818.0246624,1622.078506,2650.016952
Mature 2,2026,839.3377254,1946.722985,3353.577983
Mature 2,2027,908.3808986,1637.12799,3031.589928
Mature 2,2028,1013.76,2184,3521.875
Mature 2,2029,1079.04,2079,3445.732255
Mature 2,2030,897.92,1947,3823.4375
Mature 2,2031,810.24,1511,3941.936731
Mature 2,2032,1069.461686,1896.191757,4681.54962
Mature 3,2025,832.5756098,1168.863415,1567.329269
Mature 3,2026,886.5756098,1240.863415,1719.115854
Mature 3,2027,810.6839595,1201.256541,1800.516064
Mature 3,2028,917.035907,1404.974944,2114.430603
Mature 3,2029,875.1454061,1367.619723,1921.259676
Mature 3,2030,653.9194086,1045.063032,2129.139135
Mature 3,2031,421.7170732,1142.910101,2384.464011
Mature 3,2032,421.7170732,1011.38572,2399.333908
Mature 4,2025,870.5,1821.5,2308.75
Mature 4,2026,1016,2003.5,2504.375
Mature 4,2027,952.5,1912.5,2397.5
Mature 4,2028,876,1734,2385.625
Mature 4,2029,612,1580.5,2410
Mature 4,2030,464.9813969,1410.333334,2600.625
Mature 4,2031,551.5,1244.333334,2572.973603
Mature 4,2032,589.550909,1078.333334,2437.80992